{"type":"FeatureCollection","properties":{"source":"https://payphonetag.com/api/payphones","fetchedAt":"2026-10-06T05:19:26.616Z","bbox":{"minLon":150.5,"maxLon":151.4,"minLat":-34.2,"maxLat":-33.4},"filter":"Greater Sydney active only","count":1983},"features":[{"type":"Feature","geometry":{"type":"Point","coordinates":[151.16403,-33.91863]},"properties":{"id":7,"holderId":18822,"status":"active","name":"Payphone #7"}},{"type":"Feature","geometry":{"type":"Point","coordinates":[151.087024,-33.830588]},"properties":{"id":16,"holderId":3412,"status":"active","name":"Payphone #16"}},{"type":"Feature","geometry":{"type":"Point","coordinates":[151.08261,-33.773195]},"properties":{"id":28,"holderId":17882,"status":"active","name":"Payphone #28"}},{"type":"Feature","geometry":{"type":"Point","coordinates":[151.21609,-33.87988]},"properties":{"id":29,"holderId":18055,"status":"active","name":"Payphone #29"}},{"type":"Feature","geometry":{"type":"Point","coordinates":[151.0939064579511,-33.872021]},"properties":{"id":31,"holderId":18428,"status":"active","name":"Payphone #31"}},{"type":"Feature","geometry":{"type":"Point","coordinates":[151.13168,-33.9097]},"properties":{"id":37,"holderId":18822,"status":"active","name":"Payphone #37"}},{"type":"Feature","geometry":{"type":"Point","coordinates":[151.049033,-33.861113]},"properties":{"id":47,"holderId":3290,"status":"active","name":"Payphone #47"}},{"type":"Feature","geometry":{"type":"Point","coordinates":[150.72135241076845,-33.747562]},"properties":{"id":82,"holderId":4696,"status":"active","name":"Payphone #82"}},{"type":"Feature","geometry":{"type":"Point","coordinates":[151.128149,-33.84819]},"properties":{"id":96,"holderId":18305,"status":"active","name":"Payphone #96"}},{"type":"Feature","geometry":{"type":"Point","coordinates":[151.0059344375107,-33.818197]},"properties":{"id":99,"holderId":18441,"status":"active","name":"Payphone #99"}},{"type":"Feature","geometry":{"type":"Point","coordinates":[151.08668,-33.8669]},"properties":{"id":104,"holderId":6232,"status":"active","name":"Payphone #104"}},{"type":"Feature","geometry":{"type":"Point","coordinates":[151.178202,-33.898502]},"properties":{"id":109,"holderId":887,"status":"active","name":"Payphone #109"}},{"type":"Feature","geometry":{"type":"Point","coordinates":[151.09055343658193,-33.815748]},"properties":{"id":116,"holderId":18506,"status":"active","name":"Payphone #116"}},{"type":"Feature","geometry":{"type":"Point","coordinates":[151.149985,-33.880139]},"properties":{"id":119,"holderId":6553,"status":"active","name":"Payphone #119"}},{"type":"Feature","geometry":{"type":"Point","coordinates":[150.74655,-34.05008]},"properties":{"id":126,"holderId":17588,"status":"active","name":"Payphone #126"}},{"type":"Feature","geometry":{"type":"Point","coordinates":[151.125584,-33.931843]},"properties":{"id":128,"holderId":16011,"status":"active","name":"Payphone #128"}},{"type":"Feature","geometry":{"type":"Point","coordinates":[151.0938415420489,-33.872021]},"properties":{"id":143,"holderId":18822,"status":"active","name":"Payphone #143"}},{"type":"Feature","geometry":{"type":"Point","coordinates":[151.269188,-33.870662]},"properties":{"id":174,"holderId":12307,"status":"active","name":"Payphone #174"}},{"type":"Feature","geometry":{"type":"Point","coordinates":[151.205161,-33.879884]},"properties":{"id":185,"holderId":18747,"status":"active","name":"Payphone #185"}},{"type":"Feature","geometry":{"type":"Point","coordinates":[151.181971,-33.882427]},"properties":{"id":191,"holderId":5,"status":"active","name":"Payphone #191"}},{"type":"Feature","geometry":{"type":"Point","coordinates":[151.054717,-33.81453]},"properties":{"id":200,"holderId":15713,"status":"active","name":"Payphone #200"}},{"type":"Feature","geometry":{"type":"Point","coordinates":[151.154376,-33.895404]},"properties":{"id":205,"holderId":18439,"status":"active","name":"Payphone #205"}},{"type":"Feature","geometry":{"type":"Point","coordinates":[151.244145,-33.92378]},"properties":{"id":206,"holderId":11848,"status":"active","name":"Payphone #206"}},{"type":"Feature","geometry":{"type":"Point","coordinates":[151.088737,-33.966211]},"properties":{"id":207,"holderId":11233,"status":"active","name":"Payphone #207"}},{"type":"Feature","geometry":{"type":"Point","coordinates":[150.988139,-33.834328]},"properties":{"id":210,"holderId":18050,"status":"active","name":"Payphone #210"}},{"type":"Feature","geometry":{"type":"Point","coordinates":[150.984783,-33.962684]},"properties":{"id":222,"holderId":15802,"status":"active","name":"Payphone #222"}},{"type":"Feature","geometry":{"type":"Point","coordinates":[151.08104,-33.94861]},"properties":{"id":224,"holderId":11233,"status":"active","name":"Payphone #224"}},{"type":"Feature","geometry":{"type":"Point","coordinates":[151.164799,-33.876095]},"properties":{"id":231,"holderId":6232,"status":"active","name":"Payphone #231"}},{"type":"Feature","geometry":{"type":"Point","coordinates":[151.219306,-33.881075]},"properties":{"id":237,"holderId":12922,"status":"active","name":"Payphone #237"}},{"type":"Feature","geometry":{"type":"Point","coordinates":[150.804262,-34.022548]},"properties":{"id":240,"holderId":17588,"status":"active","name":"Payphone #240"}},{"type":"Feature","geometry":{"type":"Point","coordinates":[150.775575,-33.778536]},"properties":{"id":245,"holderId":7694,"status":"active","name":"Payphone #245"}},{"type":"Feature","geometry":{"type":"Point","coordinates":[150.870935,-33.755749]},"properties":{"id":246,"holderId":17663,"status":"active","name":"Payphone #246"}},{"type":"Feature","geometry":{"type":"Point","coordinates":[151.13243,-33.91043]},"properties":{"id":248,"holderId":18822,"status":"active","name":"Payphone #248"}},{"type":"Feature","geometry":{"type":"Point","coordinates":[151.199351,-33.881196]},"properties":{"id":254,"holderId":3290,"status":"active","name":"Payphone #254"}},{"type":"Feature","geometry":{"type":"Point","coordinates":[151.011575,-33.885271]},"properties":{"id":257,"holderId":12308,"status":"active","name":"Payphone #257"}},{"type":"Feature","geometry":{"type":"Point","coordinates":[151.303633,-33.676967]},"properties":{"id":264,"holderId":17926,"status":"active","name":"Payphone #264"}},{"type":"Feature","geometry":{"type":"Point","coordinates":[151.248541,-33.891061]},"properties":{"id":271,"holderId":6643,"status":"active","name":"Payphone #271"}},{"type":"Feature","geometry":{"type":"Point","coordinates":[151.202763,-33.909512]},"properties":{"id":282,"holderId":18276,"status":"active","name":"Payphone #282"}},{"type":"Feature","geometry":{"type":"Point","coordinates":[151.052886,-33.951511]},"properties":{"id":283,"holderId":11233,"status":"active","name":"Payphone #283"}},{"type":"Feature","geometry":{"type":"Point","coordinates":[151.225204,-33.873989]},"properties":{"id":285,"holderId":12922,"status":"active","name":"Payphone #285"}},{"type":"Feature","geometry":{"type":"Point","coordinates":[150.62062,-33.768961]},"properties":{"id":303,"holderId":6240,"status":"active","name":"Payphone #303"}},{"type":"Feature","geometry":{"type":"Point","coordinates":[151.20407,-33.87847]},"properties":{"id":315,"holderId":15736,"status":"active","name":"Payphone #315"}},{"type":"Feature","geometry":{"type":"Point","coordinates":[151.0659855129765,-34.016207]},"properties":{"id":331,"holderId":18403,"status":"active","name":"Payphone #331"}},{"type":"Feature","geometry":{"type":"Point","coordinates":[151.269467,-33.869753]},"properties":{"id":340,"holderId":12307,"status":"active","name":"Payphone #340"}},{"type":"Feature","geometry":{"type":"Point","coordinates":[151.19399,-33.823618]},"properties":{"id":343,"holderId":8604,"status":"active","name":"Payphone #343"}},{"type":"Feature","geometry":{"type":"Point","coordinates":[151.20606145631348,-33.867714]},"properties":{"id":346,"holderId":6553,"status":"active","name":"Payphone #346"}},{"type":"Feature","geometry":{"type":"Point","coordinates":[151.10478,-33.9772]},"properties":{"id":349,"holderId":12307,"status":"active","name":"Payphone #349"}},{"type":"Feature","geometry":{"type":"Point","coordinates":[150.701139,-33.754285]},"properties":{"id":358,"holderId":15341,"status":"active","name":"Payphone #358"}},{"type":"Feature","geometry":{"type":"Point","coordinates":[150.835482,-33.745914]},"properties":{"id":360,"holderId":4696,"status":"active","name":"Payphone #360"}},{"type":"Feature","geometry":{"type":"Point","coordinates":[151.212081,-33.88796]},"properties":{"id":361,"holderId":14414,"status":"active","name":"Payphone #361"}},{"type":"Feature","geometry":{"type":"Point","coordinates":[151.003253,-33.814142]},"properties":{"id":373,"holderId":13403,"status":"active","name":"Payphone #373"}},{"type":"Feature","geometry":{"type":"Point","coordinates":[151.239764,-33.845797]},"properties":{"id":384,"holderId":15736,"status":"active","name":"Payphone #384"}},{"type":"Feature","geometry":{"type":"Point","coordinates":[151.20022,-33.82377]},"properties":{"id":389,"holderId":8604,"status":"active","name":"Payphone #389"}},{"type":"Feature","geometry":{"type":"Point","coordinates":[151.038751,-33.916605]},"properties":{"id":403,"holderId":14106,"status":"active","name":"Payphone #403"}},{"type":"Feature","geometry":{"type":"Point","coordinates":[151.16599,-33.897657]},"properties":{"id":404,"holderId":887,"status":"active","name":"Payphone #404"}},{"type":"Feature","geometry":{"type":"Point","coordinates":[150.790118,-33.634916]},"properties":{"id":419,"holderId":4696,"status":"active","name":"Payphone #419"}},{"type":"Feature","geometry":{"type":"Point","coordinates":[151.353526,-33.437553]},"properties":{"id":426,"holderId":558,"status":"active","name":"Payphone #426"}},{"type":"Feature","geometry":{"type":"Point","coordinates":[151.129894,-33.869244]},"properties":{"id":427,"holderId":6232,"status":"active","name":"Payphone #427"}},{"type":"Feature","geometry":{"type":"Point","coordinates":[151.181091,-33.905581]},"properties":{"id":449,"holderId":7389,"status":"active","name":"Payphone #449"}},{"type":"Feature","geometry":{"type":"Point","coordinates":[151.204917,-33.878846]},"properties":{"id":454,"holderId":14295,"status":"active","name":"Payphone #454"}},{"type":"Feature","geometry":{"type":"Point","coordinates":[151.208056,-33.889088]},"properties":{"id":465,"holderId":14414,"status":"active","name":"Payphone #465"}},{"type":"Feature","geometry":{"type":"Point","coordinates":[151.255367,-33.94745]},"properties":{"id":484,"holderId":17763,"status":"active","name":"Payphone #484"}},{"type":"Feature","geometry":{"type":"Point","coordinates":[151.0942684580401,-33.872255]},"properties":{"id":494,"holderId":18428,"status":"active","name":"Payphone #494"}},{"type":"Feature","geometry":{"type":"Point","coordinates":[151.267412,-33.904837]},"properties":{"id":499,"holderId":6643,"status":"active","name":"Payphone #499"}},{"type":"Feature","geometry":{"type":"Point","coordinates":[151.071546,-33.738465]},"properties":{"id":504,"holderId":6240,"status":"active","name":"Payphone #504"}},{"type":"Feature","geometry":{"type":"Point","coordinates":[150.820054,-33.769888]},"properties":{"id":507,"holderId":17663,"status":"active","name":"Payphone #507"}},{"type":"Feature","geometry":{"type":"Point","coordinates":[151.166277,-33.935892]},"properties":{"id":512,"holderId":6567,"status":"active","name":"Payphone #512"}},{"type":"Feature","geometry":{"type":"Point","coordinates":[151.361368,-33.530046]},"properties":{"id":522,"holderId":6116,"status":"active","name":"Payphone #522"}},{"type":"Feature","geometry":{"type":"Point","coordinates":[151.319567,-33.521459]},"properties":{"id":523,"holderId":7383,"status":"active","name":"Payphone #523"}},{"type":"Feature","geometry":{"type":"Point","coordinates":[150.972289,-33.850792]},"properties":{"id":527,"holderId":6232,"status":"active","name":"Payphone #527"}},{"type":"Feature","geometry":{"type":"Point","coordinates":[151.342731,-33.42619]},"properties":{"id":533,"holderId":18733,"status":"active","name":"Payphone #533"}},{"type":"Feature","geometry":{"type":"Point","coordinates":[150.954031,-33.806371]},"properties":{"id":556,"holderId":17663,"status":"active","name":"Payphone #556"}},{"type":"Feature","geometry":{"type":"Point","coordinates":[151.056908,-33.929098]},"properties":{"id":559,"holderId":11233,"status":"active","name":"Payphone #559"}},{"type":"Feature","geometry":{"type":"Point","coordinates":[151.27469,-33.89062]},"properties":{"id":563,"holderId":6638,"status":"active","name":"Payphone #563"}},{"type":"Feature","geometry":{"type":"Point","coordinates":[150.796308,-33.557715]},"properties":{"id":567,"holderId":17170,"status":"active","name":"Payphone #567"}},{"type":"Feature","geometry":{"type":"Point","coordinates":[151.117135,-33.982154]},"properties":{"id":576,"holderId":18565,"status":"active","name":"Payphone #576"}},{"type":"Feature","geometry":{"type":"Point","coordinates":[151.248262,-33.89129]},"properties":{"id":579,"holderId":12785,"status":"active","name":"Payphone #579"}},{"type":"Feature","geometry":{"type":"Point","coordinates":[151.15658347251056,-33.910272]},"properties":{"id":584,"holderId":18439,"status":"active","name":"Payphone #584"}},{"type":"Feature","geometry":{"type":"Point","coordinates":[151.073728,-33.933869]},"properties":{"id":588,"holderId":11233,"status":"active","name":"Payphone #588"}},{"type":"Feature","geometry":{"type":"Point","coordinates":[151.217199,-33.728348]},"properties":{"id":594,"holderId":18088,"status":"active","name":"Payphone #594"}},{"type":"Feature","geometry":{"type":"Point","coordinates":[151.2195,-33.83]},"properties":{"id":604,"holderId":17553,"status":"active","name":"Payphone #604"}},{"type":"Feature","geometry":{"type":"Point","coordinates":[151.208239,-33.870248]},"properties":{"id":632,"holderId":6638,"status":"active","name":"Payphone #632"}},{"type":"Feature","geometry":{"type":"Point","coordinates":[151.2023714657483,-33.892515]},"properties":{"id":634,"holderId":7090,"status":"active","name":"Payphone #634"}},{"type":"Feature","geometry":{"type":"Point","coordinates":[151.094163,-33.873388]},"properties":{"id":636,"holderId":5272,"status":"active","name":"Payphone #636"}},{"type":"Feature","geometry":{"type":"Point","coordinates":[151.00797,-34.08733]},"properties":{"id":640,"holderId":17548,"status":"active","name":"Payphone #640"}},{"type":"Feature","geometry":{"type":"Point","coordinates":[151.320944,-33.521861]},"properties":{"id":645,"holderId":9097,"status":"active","name":"Payphone #645"}},{"type":"Feature","geometry":{"type":"Point","coordinates":[151.251031,-33.797273]},"properties":{"id":647,"holderId":17378,"status":"active","name":"Payphone #647"}},{"type":"Feature","geometry":{"type":"Point","coordinates":[151.024012,-33.883209]},"properties":{"id":649,"holderId":12308,"status":"active","name":"Payphone #649"}},{"type":"Feature","geometry":{"type":"Point","coordinates":[151.228852,-33.927177]},"properties":{"id":684,"holderId":18276,"status":"active","name":"Payphone #684"}},{"type":"Feature","geometry":{"type":"Point","coordinates":[151.157968,-33.911479]},"properties":{"id":697,"holderId":18439,"status":"active","name":"Payphone #697"}},{"type":"Feature","geometry":{"type":"Point","coordinates":[151.204609,-33.879664]},"properties":{"id":702,"holderId":18055,"status":"active","name":"Payphone #702"}},{"type":"Feature","geometry":{"type":"Point","coordinates":[150.7683,-34.04631]},"properties":{"id":725,"holderId":17588,"status":"active","name":"Payphone #725"}},{"type":"Feature","geometry":{"type":"Point","coordinates":[151.021443,-33.933258]},"properties":{"id":730,"holderId":12308,"status":"active","name":"Payphone #730"}},{"type":"Feature","geometry":{"type":"Point","coordinates":[151.121684,-34.053113]},"properties":{"id":734,"holderId":13421,"status":"active","name":"Payphone #734"}},{"type":"Feature","geometry":{"type":"Point","coordinates":[151.08869447542187,-33.917912]},"properties":{"id":736,"holderId":52,"status":"active","name":"Payphone #736"}},{"type":"Feature","geometry":{"type":"Point","coordinates":[151.089392,-33.919669]},"properties":{"id":750,"holderId":52,"status":"active","name":"Payphone #750"}},{"type":"Feature","geometry":{"type":"Point","coordinates":[151.076804,-33.855383]},"properties":{"id":761,"holderId":6232,"status":"active","name":"Payphone #761"}},{"type":"Feature","geometry":{"type":"Point","coordinates":[150.745114,-34.103442]},"properties":{"id":769,"holderId":18742,"status":"active","name":"Payphone #769"}},{"type":"Feature","geometry":{"type":"Point","coordinates":[150.788868,-33.777306]},"properties":{"id":772,"holderId":7694,"status":"active","name":"Payphone #772"}},{"type":"Feature","geometry":{"type":"Point","coordinates":[150.859175,-33.586091]},"properties":{"id":783,"holderId":17687,"status":"active","name":"Payphone #783"}},{"type":"Feature","geometry":{"type":"Point","coordinates":[150.813996,-34.067343]},"properties":{"id":795,"holderId":12308,"status":"active","name":"Payphone #795"}},{"type":"Feature","geometry":{"type":"Point","coordinates":[151.285172,-33.803767]},"properties":{"id":797,"holderId":6396,"status":"active","name":"Payphone #797"}},{"type":"Feature","geometry":{"type":"Point","coordinates":[151.21668,-33.880508]},"properties":{"id":807,"holderId":18055,"status":"active","name":"Payphone #807"}},{"type":"Feature","geometry":{"type":"Point","coordinates":[150.946687,-33.866222]},"properties":{"id":815,"holderId":16210,"status":"active","name":"Payphone #815"}},{"type":"Feature","geometry":{"type":"Point","coordinates":[150.811244,-33.772677]},"properties":{"id":820,"holderId":7694,"status":"active","name":"Payphone #820"}},{"type":"Feature","geometry":{"type":"Point","coordinates":[150.8196,-33.607475]},"properties":{"id":826,"holderId":18589,"status":"active","name":"Payphone #826"}},{"type":"Feature","geometry":{"type":"Point","coordinates":[151.143712,-34.04753]},"properties":{"id":831,"holderId":14283,"status":"active","name":"Payphone #831"}},{"type":"Feature","geometry":{"type":"Point","coordinates":[151.101677,-33.965246]},"properties":{"id":839,"holderId":7090,"status":"active","name":"Payphone #839"}},{"type":"Feature","geometry":{"type":"Point","coordinates":[151.206247,-33.876061]},"properties":{"id":840,"holderId":930,"status":"active","name":"Payphone #840"}},{"type":"Feature","geometry":{"type":"Point","coordinates":[150.828232,-33.770185]},"properties":{"id":863,"holderId":17663,"status":"active","name":"Payphone #863"}},{"type":"Feature","geometry":{"type":"Point","coordinates":[150.62205,-33.74633]},"properties":{"id":866,"holderId":6240,"status":"active","name":"Payphone #866"}},{"type":"Feature","geometry":{"type":"Point","coordinates":[151.105568,-33.810613]},"properties":{"id":873,"holderId":2618,"status":"active","name":"Payphone #873"}},{"type":"Feature","geometry":{"type":"Point","coordinates":[151.177333,-33.783713]},"properties":{"id":881,"holderId":18974,"status":"active","name":"Payphone #881"}},{"type":"Feature","geometry":{"type":"Point","coordinates":[150.916472,-33.593282]},"properties":{"id":892,"holderId":4981,"status":"active","name":"Payphone #892"}},{"type":"Feature","geometry":{"type":"Point","coordinates":[150.811493,-33.613949]},"properties":{"id":893,"holderId":18589,"status":"active","name":"Payphone #893"}},{"type":"Feature","geometry":{"type":"Point","coordinates":[151.011903,-33.835128]},"properties":{"id":901,"holderId":5102,"status":"active","name":"Payphone #901"}},{"type":"Feature","geometry":{"type":"Point","coordinates":[151.156946,-33.924081]},"properties":{"id":904,"holderId":18822,"status":"active","name":"Payphone #904"}},{"type":"Feature","geometry":{"type":"Point","coordinates":[151.18394,-33.79598]},"properties":{"id":915,"holderId":18974,"status":"active","name":"Payphone #915"}},{"type":"Feature","geometry":{"type":"Point","coordinates":[151.188005,-33.880745]},"properties":{"id":923,"holderId":6704,"status":"active","name":"Payphone #923"}},{"type":"Feature","geometry":{"type":"Point","coordinates":[151.116463,-33.841507]},"properties":{"id":926,"holderId":18443,"status":"active","name":"Payphone #926"}},{"type":"Feature","geometry":{"type":"Point","coordinates":[151.149039,-33.901477]},"properties":{"id":928,"holderId":18822,"status":"active","name":"Payphone #928"}},{"type":"Feature","geometry":{"type":"Point","coordinates":[150.97565,-33.826463]},"properties":{"id":932,"holderId":1903,"status":"active","name":"Payphone #932"}},{"type":"Feature","geometry":{"type":"Point","coordinates":[151.272907,-33.890803]},"properties":{"id":934,"holderId":6643,"status":"active","name":"Payphone #934"}},{"type":"Feature","geometry":{"type":"Point","coordinates":[150.923363,-33.742301]},"properties":{"id":944,"holderId":17663,"status":"active","name":"Payphone #944"}},{"type":"Feature","geometry":{"type":"Point","coordinates":[150.989589,-33.835451]},"properties":{"id":946,"holderId":18050,"status":"active","name":"Payphone #946"}},{"type":"Feature","geometry":{"type":"Point","coordinates":[151.153001,-33.756013]},"properties":{"id":964,"holderId":14870,"status":"active","name":"Payphone #964"}},{"type":"Feature","geometry":{"type":"Point","coordinates":[150.824414,-34.075554]},"properties":{"id":968,"holderId":12308,"status":"active","name":"Payphone #968"}},{"type":"Feature","geometry":{"type":"Point","coordinates":[151.131503,-33.83701]},"properties":{"id":976,"holderId":2618,"status":"active","name":"Payphone #976"}},{"type":"Feature","geometry":{"type":"Point","coordinates":[151.087489,-33.830666]},"properties":{"id":988,"holderId":18506,"status":"active","name":"Payphone #988"}},{"type":"Feature","geometry":{"type":"Point","coordinates":[151.0328,-33.849382]},"properties":{"id":994,"holderId":3290,"status":"active","name":"Payphone #994"}},{"type":"Feature","geometry":{"type":"Point","coordinates":[151.032173,-33.912074]},"properties":{"id":1007,"holderId":12308,"status":"active","name":"Payphone #1007"}},{"type":"Feature","geometry":{"type":"Point","coordinates":[151.329638,-33.635581]},"properties":{"id":1009,"holderId":18826,"status":"active","name":"Payphone #1009"}},{"type":"Feature","geometry":{"type":"Point","coordinates":[151.275323,-33.889958]},"properties":{"id":1013,"holderId":6638,"status":"active","name":"Payphone #1013"}},{"type":"Feature","geometry":{"type":"Point","coordinates":[151.07072648655213,-33.947094]},"properties":{"id":1023,"holderId":11233,"status":"active","name":"Payphone #1023"}},{"type":"Feature","geometry":{"type":"Point","coordinates":[150.88380447583046,-33.918984]},"properties":{"id":1029,"holderId":4870,"status":"active","name":"Payphone #1029"}},{"type":"Feature","geometry":{"type":"Point","coordinates":[151.1571404727765,-33.91097]},"properties":{"id":1037,"holderId":18439,"status":"active","name":"Payphone #1037"}},{"type":"Feature","geometry":{"type":"Point","coordinates":[151.206451,-33.885271]},"properties":{"id":1057,"holderId":18055,"status":"active","name":"Payphone #1057"}},{"type":"Feature","geometry":{"type":"Point","coordinates":[150.92965,-33.91969]},"properties":{"id":1070,"holderId":4870,"status":"active","name":"Payphone #1070"}},{"type":"Feature","geometry":{"type":"Point","coordinates":[150.981436,-33.73481]},"properties":{"id":1073,"holderId":18049,"status":"active","name":"Payphone #1073"}},{"type":"Feature","geometry":{"type":"Point","coordinates":[151.200774,-33.527674]},"properties":{"id":1076,"holderId":12307,"status":"active","name":"Payphone #1076"}},{"type":"Feature","geometry":{"type":"Point","coordinates":[151.272927,-33.874597]},"properties":{"id":1099,"holderId":12307,"status":"active","name":"Payphone #1099"}},{"type":"Feature","geometry":{"type":"Point","coordinates":[151.04933,-33.90157]},"properties":{"id":1103,"holderId":11233,"status":"active","name":"Payphone #1103"}},{"type":"Feature","geometry":{"type":"Point","coordinates":[151.085463,-34.034908]},"properties":{"id":1106,"holderId":13421,"status":"active","name":"Payphone #1106"}},{"type":"Feature","geometry":{"type":"Point","coordinates":[150.812969,-34.067799]},"properties":{"id":1107,"holderId":12308,"status":"active","name":"Payphone #1107"}},{"type":"Feature","geometry":{"type":"Point","coordinates":[150.677479,-33.743614]},"properties":{"id":1112,"holderId":17663,"status":"active","name":"Payphone #1112"}},{"type":"Feature","geometry":{"type":"Point","coordinates":[150.798211,-34.075149]},"properties":{"id":1122,"holderId":17651,"status":"active","name":"Payphone #1122"}},{"type":"Feature","geometry":{"type":"Point","coordinates":[151.126718,-33.831977]},"properties":{"id":1128,"holderId":2618,"status":"active","name":"Payphone #1128"}},{"type":"Feature","geometry":{"type":"Point","coordinates":[151.149285,-33.916338]},"properties":{"id":1131,"holderId":18822,"status":"active","name":"Payphone #1131"}},{"type":"Feature","geometry":{"type":"Point","coordinates":[151.112647,-33.914981]},"properties":{"id":1137,"holderId":18822,"status":"active","name":"Payphone #1137"}},{"type":"Feature","geometry":{"type":"Point","coordinates":[151.01140544346697,-33.833896]},"properties":{"id":1151,"holderId":17902,"status":"active","name":"Payphone #1151"}},{"type":"Feature","geometry":{"type":"Point","coordinates":[151.384112,-33.437495]},"properties":{"id":1155,"holderId":7383,"status":"active","name":"Payphone #1155"}},{"type":"Feature","geometry":{"type":"Point","coordinates":[151.13435,-33.822055]},"properties":{"id":1157,"holderId":2618,"status":"active","name":"Payphone #1157"}},{"type":"Feature","geometry":{"type":"Point","coordinates":[151.274385,-33.749909]},"properties":{"id":1158,"holderId":15305,"status":"active","name":"Payphone #1158"}},{"type":"Feature","geometry":{"type":"Point","coordinates":[151.318403,-33.450942]},"properties":{"id":1167,"holderId":9097,"status":"active","name":"Payphone #1167"}},{"type":"Feature","geometry":{"type":"Point","coordinates":[151.2262056,-33.5476667]},"properties":{"id":1170,"holderId":7532,"status":"active","name":"Payphone #1170"}},{"type":"Feature","geometry":{"type":"Point","coordinates":[151.237704,-33.912575]},"properties":{"id":1175,"holderId":17822,"status":"active","name":"Payphone #1175"}},{"type":"Feature","geometry":{"type":"Point","coordinates":[151.280107,-33.695528]},"properties":{"id":1184,"holderId":18088,"status":"active","name":"Payphone #1184"}},{"type":"Feature","geometry":{"type":"Point","coordinates":[151.04903,-33.9454]},"properties":{"id":1186,"holderId":11233,"status":"active","name":"Payphone #1186"}},{"type":"Feature","geometry":{"type":"Point","coordinates":[151.249757,-33.891506]},"properties":{"id":1187,"holderId":6643,"status":"active","name":"Payphone #1187"}},{"type":"Feature","geometry":{"type":"Point","coordinates":[151.056077,-33.8341]},"properties":{"id":1202,"holderId":12109,"status":"active","name":"Payphone #1202"}},{"type":"Feature","geometry":{"type":"Point","coordinates":[151.004539,-33.81725]},"properties":{"id":1233,"holderId":930,"status":"active","name":"Payphone #1233"}},{"type":"Feature","geometry":{"type":"Point","coordinates":[150.61028,-33.90499]},"properties":{"id":1252,"holderId":7694,"status":"active","name":"Payphone #1252"}},{"type":"Feature","geometry":{"type":"Point","coordinates":[151.011340556533,-33.833896]},"properties":{"id":1258,"holderId":17902,"status":"active","name":"Payphone #1258"}},{"type":"Feature","geometry":{"type":"Point","coordinates":[151.2070314621299,-33.883007]},"properties":{"id":1262,"holderId":12896,"status":"active","name":"Payphone #1262"}},{"type":"Feature","geometry":{"type":"Point","coordinates":[151.204337,-33.880081]},"properties":{"id":1264,"holderId":18055,"status":"active","name":"Payphone #1264"}},{"type":"Feature","geometry":{"type":"Point","coordinates":[151.15455,-33.804492]},"properties":{"id":1265,"holderId":5713,"status":"active","name":"Payphone #1265"}},{"type":"Feature","geometry":{"type":"Point","coordinates":[151.016961,-33.818876]},"properties":{"id":1267,"holderId":6891,"status":"active","name":"Payphone #1267"}},{"type":"Feature","geometry":{"type":"Point","coordinates":[151.215106,-33.887503]},"properties":{"id":1280,"holderId":18276,"status":"active","name":"Payphone #1280"}},{"type":"Feature","geometry":{"type":"Point","coordinates":[151.07014145546646,-33.865486]},"properties":{"id":1292,"holderId":14106,"status":"active","name":"Payphone #1292"}},{"type":"Feature","geometry":{"type":"Point","coordinates":[150.992236,-33.801439]},"properties":{"id":1293,"holderId":1903,"status":"active","name":"Payphone #1293"}},{"type":"Feature","geometry":{"type":"Point","coordinates":[151.209179,-33.868962]},"properties":{"id":1298,"holderId":18181,"status":"active","name":"Payphone #1298"}},{"type":"Feature","geometry":{"type":"Point","coordinates":[151.011904,-33.836277]},"properties":{"id":1324,"holderId":5102,"status":"active","name":"Payphone #1324"}},{"type":"Feature","geometry":{"type":"Point","coordinates":[151.246139,-33.962383]},"properties":{"id":1339,"holderId":18276,"status":"active","name":"Payphone #1339"}},{"type":"Feature","geometry":{"type":"Point","coordinates":[151.07103,-34.03496]},"properties":{"id":1348,"holderId":6653,"status":"active","name":"Payphone #1348"}},{"type":"Feature","geometry":{"type":"Point","coordinates":[151.011283,-33.833009]},"properties":{"id":1351,"holderId":17902,"status":"active","name":"Payphone #1351"}},{"type":"Feature","geometry":{"type":"Point","coordinates":[150.992845,-33.759798]},"properties":{"id":1353,"holderId":10561,"status":"active","name":"Payphone #1353"}},{"type":"Feature","geometry":{"type":"Point","coordinates":[151.170848,-33.863237]},"properties":{"id":1357,"holderId":6232,"status":"active","name":"Payphone #1357"}},{"type":"Feature","geometry":{"type":"Point","coordinates":[151.22619,-33.918664]},"properties":{"id":1365,"holderId":18276,"status":"active","name":"Payphone #1365"}},{"type":"Feature","geometry":{"type":"Point","coordinates":[151.2065884452944,-33.83871]},"properties":{"id":1368,"holderId":18088,"status":"active","name":"Payphone #1368"}},{"type":"Feature","geometry":{"type":"Point","coordinates":[151.098398,-33.702856]},"properties":{"id":1372,"holderId":18991,"status":"active","name":"Payphone #1372"}},{"type":"Feature","geometry":{"type":"Point","coordinates":[151.208657,-33.882148]},"properties":{"id":1382,"holderId":4870,"status":"active","name":"Payphone #1382"}},{"type":"Feature","geometry":{"type":"Point","coordinates":[151.01536,-33.951989]},"properties":{"id":1390,"holderId":15802,"status":"active","name":"Payphone #1390"}},{"type":"Feature","geometry":{"type":"Point","coordinates":[150.99317,-33.871904]},"properties":{"id":1406,"holderId":18543,"status":"active","name":"Payphone #1406"}},{"type":"Feature","geometry":{"type":"Point","coordinates":[151.249848,-33.549596]},"properties":{"id":1410,"holderId":9097,"status":"active","name":"Payphone #1410"}},{"type":"Feature","geometry":{"type":"Point","coordinates":[151.129986,-33.86642]},"properties":{"id":1411,"holderId":6232,"status":"active","name":"Payphone #1411"}},{"type":"Feature","geometry":{"type":"Point","coordinates":[151.201622,-33.877338]},"properties":{"id":1418,"holderId":12977,"status":"active","name":"Payphone #1418"}},{"type":"Feature","geometry":{"type":"Point","coordinates":[151.19948,-33.80714]},"properties":{"id":1419,"holderId":8604,"status":"active","name":"Payphone #1419"}},{"type":"Feature","geometry":{"type":"Point","coordinates":[150.536942,-33.694225]},"properties":{"id":1423,"holderId":12688,"status":"active","name":"Payphone #1423"}},{"type":"Feature","geometry":{"type":"Point","coordinates":[150.804329,-33.62196]},"properties":{"id":1427,"holderId":18589,"status":"active","name":"Payphone #1427"}},{"type":"Feature","geometry":{"type":"Point","coordinates":[150.688324,-33.767106]},"properties":{"id":1431,"holderId":16069,"status":"active","name":"Payphone #1431"}},{"type":"Feature","geometry":{"type":"Point","coordinates":[151.142554,-33.744598]},"properties":{"id":1455,"holderId":14870,"status":"active","name":"Payphone #1455"}},{"type":"Feature","geometry":{"type":"Point","coordinates":[151.18646,-33.83147]},"properties":{"id":1460,"holderId":8604,"status":"active","name":"Payphone #1460"}},{"type":"Feature","geometry":{"type":"Point","coordinates":[151.268115,-33.767826]},"properties":{"id":1470,"holderId":16107,"status":"active","name":"Payphone #1470"}},{"type":"Feature","geometry":{"type":"Point","coordinates":[150.994251,-33.713581]},"properties":{"id":1471,"holderId":8604,"status":"active","name":"Payphone #1471"}},{"type":"Feature","geometry":{"type":"Point","coordinates":[151.20708,-33.92003]},"properties":{"id":1472,"holderId":12307,"status":"active","name":"Payphone #1472"}},{"type":"Feature","geometry":{"type":"Point","coordinates":[150.988323,-33.93774]},"properties":{"id":1499,"holderId":18742,"status":"active","name":"Payphone #1499"}},{"type":"Feature","geometry":{"type":"Point","coordinates":[151.196405,-33.922256]},"properties":{"id":1506,"holderId":13770,"status":"active","name":"Payphone #1506"}},{"type":"Feature","geometry":{"type":"Point","coordinates":[151.254521,-33.920336]},"properties":{"id":1509,"holderId":6638,"status":"active","name":"Payphone #1509"}},{"type":"Feature","geometry":{"type":"Point","coordinates":[151.139219,-33.889847]},"properties":{"id":1514,"holderId":9258,"status":"active","name":"Payphone #1514"}},{"type":"Feature","geometry":{"type":"Point","coordinates":[151.077858,-33.731538]},"properties":{"id":1518,"holderId":11137,"status":"active","name":"Payphone #1518"}},{"type":"Feature","geometry":{"type":"Point","coordinates":[151.19122,-33.88329]},"properties":{"id":1519,"holderId":16980,"status":"active","name":"Payphone #1519"}},{"type":"Feature","geometry":{"type":"Point","coordinates":[151.090169,-33.815741]},"properties":{"id":1520,"holderId":18506,"status":"active","name":"Payphone #1520"}},{"type":"Feature","geometry":{"type":"Point","coordinates":[151.120363,-33.599292]},"properties":{"id":1524,"holderId":6547,"status":"active","name":"Payphone #1524"}},{"type":"Feature","geometry":{"type":"Point","coordinates":[151.197646,-33.869917]},"properties":{"id":1528,"holderId":3290,"status":"active","name":"Payphone #1528"}},{"type":"Feature","geometry":{"type":"Point","coordinates":[151.032261,-33.952112]},"properties":{"id":1533,"holderId":17722,"status":"active","name":"Payphone #1533"}},{"type":"Feature","geometry":{"type":"Point","coordinates":[151.197301,-33.868635]},"properties":{"id":1534,"holderId":14123,"status":"active","name":"Payphone #1534"}},{"type":"Feature","geometry":{"type":"Point","coordinates":[151.289084,-33.747227]},"properties":{"id":1550,"holderId":17528,"status":"active","name":"Payphone #1550"}},{"type":"Feature","geometry":{"type":"Point","coordinates":[151.255501,-33.92077]},"properties":{"id":1557,"holderId":18276,"status":"active","name":"Payphone #1557"}},{"type":"Feature","geometry":{"type":"Point","coordinates":[151.188855,-33.894293]},"properties":{"id":1567,"holderId":12446,"status":"active","name":"Payphone #1567"}},{"type":"Feature","geometry":{"type":"Point","coordinates":[151.194068,-33.82236]},"properties":{"id":1575,"holderId":8604,"status":"active","name":"Payphone #1575"}},{"type":"Feature","geometry":{"type":"Point","coordinates":[151.111456,-34.007357]},"properties":{"id":1582,"holderId":17763,"status":"active","name":"Payphone #1582"}},{"type":"Feature","geometry":{"type":"Point","coordinates":[151.025764,-33.883877]},"properties":{"id":1588,"holderId":12308,"status":"active","name":"Payphone #1588"}},{"type":"Feature","geometry":{"type":"Point","coordinates":[151.212814,-33.863492]},"properties":{"id":1590,"holderId":17553,"status":"active","name":"Payphone #1590"}},{"type":"Feature","geometry":{"type":"Point","coordinates":[151.206689,-33.875067]},"properties":{"id":1597,"holderId":930,"status":"active","name":"Payphone #1597"}},{"type":"Feature","geometry":{"type":"Point","coordinates":[150.956638,-33.801141]},"properties":{"id":1609,"holderId":17663,"status":"active","name":"Payphone #1609"}},{"type":"Feature","geometry":{"type":"Point","coordinates":[151.032929,-33.85111]},"properties":{"id":1615,"holderId":12308,"status":"active","name":"Payphone #1615"}},{"type":"Feature","geometry":{"type":"Point","coordinates":[150.861633,-34.008936]},"properties":{"id":1617,"holderId":16091,"status":"active","name":"Payphone #1617"}},{"type":"Feature","geometry":{"type":"Point","coordinates":[150.968778,-33.834267]},"properties":{"id":1631,"holderId":1903,"status":"active","name":"Payphone #1631"}},{"type":"Feature","geometry":{"type":"Point","coordinates":[150.985134,-33.881548]},"properties":{"id":1636,"holderId":18543,"status":"active","name":"Payphone #1636"}},{"type":"Feature","geometry":{"type":"Point","coordinates":[151.20735,-33.865117]},"properties":{"id":1637,"holderId":18428,"status":"active","name":"Payphone #1637"}},{"type":"Feature","geometry":{"type":"Point","coordinates":[151.081452,-34.058784]},"properties":{"id":1640,"holderId":17548,"status":"active","name":"Payphone #1640"}},{"type":"Feature","geometry":{"type":"Point","coordinates":[151.053219,-33.622303]},"properties":{"id":1641,"holderId":6547,"status":"active","name":"Payphone #1641"}},{"type":"Feature","geometry":{"type":"Point","coordinates":[151.20449,-33.890099]},"properties":{"id":1647,"holderId":7090,"status":"active","name":"Payphone #1647"}},{"type":"Feature","geometry":{"type":"Point","coordinates":[150.907563,-33.768619]},"properties":{"id":1649,"holderId":11942,"status":"active","name":"Payphone #1649"}},{"type":"Feature","geometry":{"type":"Point","coordinates":[150.788684,-33.795158]},"properties":{"id":1658,"holderId":7694,"status":"active","name":"Payphone #1658"}},{"type":"Feature","geometry":{"type":"Point","coordinates":[150.951049,-33.78678]},"properties":{"id":1659,"holderId":17663,"status":"active","name":"Payphone #1659"}},{"type":"Feature","geometry":{"type":"Point","coordinates":[150.988985,-33.836285]},"properties":{"id":1660,"holderId":18050,"status":"active","name":"Payphone #1660"}},{"type":"Feature","geometry":{"type":"Point","coordinates":[151.138597,-33.964904]},"properties":{"id":1664,"holderId":5102,"status":"active","name":"Payphone #1664"}},{"type":"Feature","geometry":{"type":"Point","coordinates":[151.210679,-33.896373]},"properties":{"id":1672,"holderId":3412,"status":"active","name":"Payphone #1672"}},{"type":"Feature","geometry":{"type":"Point","coordinates":[151.320032,-33.655202]},"properties":{"id":1678,"holderId":18826,"status":"active","name":"Payphone #1678"}},{"type":"Feature","geometry":{"type":"Point","coordinates":[151.341819,-33.423423]},"properties":{"id":1680,"holderId":558,"status":"active","name":"Payphone #1680"}},{"type":"Feature","geometry":{"type":"Point","coordinates":[151.003152,-33.81505]},"properties":{"id":1681,"holderId":13403,"status":"active","name":"Payphone #1681"}},{"type":"Feature","geometry":{"type":"Point","coordinates":[151.283886,-33.755276]},"properties":{"id":1686,"holderId":16107,"status":"active","name":"Payphone #1686"}},{"type":"Feature","geometry":{"type":"Point","coordinates":[151.2867424298319,-33.79794]},"properties":{"id":1687,"holderId":4213,"status":"active","name":"Payphone #1687"}},{"type":"Feature","geometry":{"type":"Point","coordinates":[151.247649,-33.891814]},"properties":{"id":1688,"holderId":6643,"status":"active","name":"Payphone #1688"}},{"type":"Feature","geometry":{"type":"Point","coordinates":[151.207098,-33.882151]},"properties":{"id":1706,"holderId":3290,"status":"active","name":"Payphone #1706"}},{"type":"Feature","geometry":{"type":"Point","coordinates":[151.276079,-33.888718]},"properties":{"id":1708,"holderId":6638,"status":"active","name":"Payphone #1708"}},{"type":"Feature","geometry":{"type":"Point","coordinates":[151.223341,-33.874916]},"properties":{"id":1712,"holderId":7815,"status":"active","name":"Payphone #1712"}},{"type":"Feature","geometry":{"type":"Point","coordinates":[150.84379741970847,-33.771203]},"properties":{"id":1717,"holderId":4696,"status":"active","name":"Payphone #1717"}},{"type":"Feature","geometry":{"type":"Point","coordinates":[151.1324634925488,-33.962799]},"properties":{"id":1721,"holderId":12307,"status":"active","name":"Payphone #1721"}},{"type":"Feature","geometry":{"type":"Point","coordinates":[151.22172,-33.87719]},"properties":{"id":1733,"holderId":7815,"status":"active","name":"Payphone #1733"}},{"type":"Feature","geometry":{"type":"Point","coordinates":[151.00043,-33.97101]},"properties":{"id":1739,"holderId":15802,"status":"active","name":"Payphone #1739"}},{"type":"Feature","geometry":{"type":"Point","coordinates":[151.022255,-33.867798]},"properties":{"id":1747,"holderId":12308,"status":"active","name":"Payphone #1747"}},{"type":"Feature","geometry":{"type":"Point","coordinates":[151.218796,-33.883199]},"properties":{"id":1756,"holderId":7260,"status":"active","name":"Payphone #1756"}},{"type":"Feature","geometry":{"type":"Point","coordinates":[151.33369,-33.626829]},"properties":{"id":1765,"holderId":18826,"status":"active","name":"Payphone #1765"}},{"type":"Feature","geometry":{"type":"Point","coordinates":[150.897019,-33.796338]},"properties":{"id":1773,"holderId":17687,"status":"active","name":"Payphone #1773"}},{"type":"Feature","geometry":{"type":"Point","coordinates":[151.07667,-33.96956]},"properties":{"id":1776,"holderId":11233,"status":"active","name":"Payphone #1776"}},{"type":"Feature","geometry":{"type":"Point","coordinates":[151.11708,-33.717499]},"properties":{"id":1780,"holderId":6426,"status":"active","name":"Payphone #1780"}},{"type":"Feature","geometry":{"type":"Point","coordinates":[151.092427,-33.837541]},"properties":{"id":1787,"holderId":8894,"status":"active","name":"Payphone #1787"}},{"type":"Feature","geometry":{"type":"Point","coordinates":[151.169993,-33.814509]},"properties":{"id":1788,"holderId":8604,"status":"active","name":"Payphone #1788"}},{"type":"Feature","geometry":{"type":"Point","coordinates":[151.206999,-33.88298005066475]},"properties":{"id":1789,"holderId":12896,"status":"active","name":"Payphone #1789"}},{"type":"Feature","geometry":{"type":"Point","coordinates":[151.2058979,-33.8651264]},"properties":{"id":1790,"holderId":17835,"status":"active","name":"Payphone #1790"}},{"type":"Feature","geometry":{"type":"Point","coordinates":[150.894915,-33.988329]},"properties":{"id":1794,"holderId":4870,"status":"active","name":"Payphone #1794"}},{"type":"Feature","geometry":{"type":"Point","coordinates":[151.201705,-33.922341]},"properties":{"id":1795,"holderId":12307,"status":"active","name":"Payphone #1795"}},{"type":"Feature","geometry":{"type":"Point","coordinates":[151.23642246078046,-33.87946]},"properties":{"id":1797,"holderId":833,"status":"active","name":"Payphone #1797"}},{"type":"Feature","geometry":{"type":"Point","coordinates":[151.01096,-33.88563]},"properties":{"id":1800,"holderId":12308,"status":"active","name":"Payphone #1800"}},{"type":"Feature","geometry":{"type":"Point","coordinates":[151.167943,-33.891609]},"properties":{"id":1802,"holderId":887,"status":"active","name":"Payphone #1802"}},{"type":"Feature","geometry":{"type":"Point","coordinates":[151.03218,-33.87198]},"properties":{"id":1805,"holderId":12308,"status":"active","name":"Payphone #1805"}},{"type":"Feature","geometry":{"type":"Point","coordinates":[151.214041,-33.879019]},"properties":{"id":1812,"holderId":18307,"status":"active","name":"Payphone #1812"}},{"type":"Feature","geometry":{"type":"Point","coordinates":[151.087057,-33.807056]},"properties":{"id":1822,"holderId":2618,"status":"active","name":"Payphone #1822"}},{"type":"Feature","geometry":{"type":"Point","coordinates":[151.20826245673015,-33.86881]},"properties":{"id":1825,"holderId":8604,"status":"active","name":"Payphone #1825"}},{"type":"Feature","geometry":{"type":"Point","coordinates":[150.817419,-34.031862]},"properties":{"id":1835,"holderId":17588,"status":"active","name":"Payphone #1835"}},{"type":"Feature","geometry":{"type":"Point","coordinates":[151.181087,-33.933766]},"properties":{"id":1836,"holderId":14485,"status":"active","name":"Payphone #1836"}},{"type":"Feature","geometry":{"type":"Point","coordinates":[151.133154,-33.888917]},"properties":{"id":1839,"holderId":18782,"status":"active","name":"Payphone #1839"}},{"type":"Feature","geometry":{"type":"Point","coordinates":[150.696523,-33.773841]},"properties":{"id":1857,"holderId":7694,"status":"active","name":"Payphone #1857"}},{"type":"Feature","geometry":{"type":"Point","coordinates":[151.199856,-33.89886]},"properties":{"id":1858,"holderId":16253,"status":"active","name":"Payphone #1858"}},{"type":"Feature","geometry":{"type":"Point","coordinates":[151.049787,-33.747657]},"properties":{"id":1862,"holderId":4930,"status":"active","name":"Payphone #1862"}},{"type":"Feature","geometry":{"type":"Point","coordinates":[151.08459,-33.790788]},"properties":{"id":1866,"holderId":5272,"status":"active","name":"Payphone #1866"}},{"type":"Feature","geometry":{"type":"Point","coordinates":[151.1027,-33.87734]},"properties":{"id":1880,"holderId":14599,"status":"active","name":"Payphone #1880"}},{"type":"Feature","geometry":{"type":"Point","coordinates":[151.057297,-34.031648]},"properties":{"id":1881,"holderId":14867,"status":"active","name":"Payphone #1881"}},{"type":"Feature","geometry":{"type":"Point","coordinates":[150.830983,-34.088531]},"properties":{"id":1888,"holderId":12308,"status":"active","name":"Payphone #1888"}},{"type":"Feature","geometry":{"type":"Point","coordinates":[151.25794,-33.93334]},"properties":{"id":1891,"holderId":18276,"status":"active","name":"Payphone #1891"}},{"type":"Feature","geometry":{"type":"Point","coordinates":[150.666494,-33.553746]},"properties":{"id":1919,"holderId":17170,"status":"active","name":"Payphone #1919"}},{"type":"Feature","geometry":{"type":"Point","coordinates":[150.906098,-33.935333]},"properties":{"id":1925,"holderId":4870,"status":"active","name":"Payphone #1925"}},{"type":"Feature","geometry":{"type":"Point","coordinates":[150.58356,-33.70411]},"properties":{"id":1937,"holderId":6240,"status":"active","name":"Payphone #1937"}},{"type":"Feature","geometry":{"type":"Point","coordinates":[151.014028,-34.066706]},"properties":{"id":1940,"holderId":17548,"status":"active","name":"Payphone #1940"}},{"type":"Feature","geometry":{"type":"Point","coordinates":[151.104101,-33.87678]},"properties":{"id":1971,"holderId":12066,"status":"active","name":"Payphone #1971"}},{"type":"Feature","geometry":{"type":"Point","coordinates":[151.204443,-33.875139]},"properties":{"id":1972,"holderId":7815,"status":"active","name":"Payphone #1972"}},{"type":"Feature","geometry":{"type":"Point","coordinates":[150.86904046949715,-33.902361]},"properties":{"id":1980,"holderId":4870,"status":"active","name":"Payphone #1980"}},{"type":"Feature","geometry":{"type":"Point","coordinates":[150.6421,-33.77323]},"properties":{"id":1987,"holderId":7694,"status":"active","name":"Payphone #1987"}},{"type":"Feature","geometry":{"type":"Point","coordinates":[151.187775,-33.885641]},"properties":{"id":1996,"holderId":16204,"status":"active","name":"Payphone #1996"}},{"type":"Feature","geometry":{"type":"Point","coordinates":[151.240032,-33.94182]},"properties":{"id":1997,"holderId":18276,"status":"active","name":"Payphone #1997"}},{"type":"Feature","geometry":{"type":"Point","coordinates":[151.285515,-33.752297]},"properties":{"id":1998,"holderId":9819,"status":"active","name":"Payphone #1998"}},{"type":"Feature","geometry":{"type":"Point","coordinates":[151.172605,-33.856527]},"properties":{"id":2001,"holderId":6232,"status":"active","name":"Payphone #2001"}},{"type":"Feature","geometry":{"type":"Point","coordinates":[151.184427,-33.808905]},"properties":{"id":2010,"holderId":8604,"status":"active","name":"Payphone #2010"}},{"type":"Feature","geometry":{"type":"Point","coordinates":[151.097016,-33.701252]},"properties":{"id":2013,"holderId":17015,"status":"active","name":"Payphone #2013"}},{"type":"Feature","geometry":{"type":"Point","coordinates":[151.21893,-33.760017]},"properties":{"id":2014,"holderId":18088,"status":"active","name":"Payphone #2014"}},{"type":"Feature","geometry":{"type":"Point","coordinates":[151.153776,-33.912273]},"properties":{"id":2019,"holderId":2323,"status":"active","name":"Payphone #2019"}},{"type":"Feature","geometry":{"type":"Point","coordinates":[151.242091,-33.912839]},"properties":{"id":2033,"holderId":18276,"status":"active","name":"Payphone #2033"}},{"type":"Feature","geometry":{"type":"Point","coordinates":[150.92994,-33.920304]},"properties":{"id":2034,"holderId":4870,"status":"active","name":"Payphone #2034"}},{"type":"Feature","geometry":{"type":"Point","coordinates":[151.139771,-33.994325]},"properties":{"id":2036,"holderId":12307,"status":"active","name":"Payphone #2036"}},{"type":"Feature","geometry":{"type":"Point","coordinates":[150.89689,-33.85875]},"properties":{"id":2040,"holderId":17663,"status":"active","name":"Payphone #2040"}},{"type":"Feature","geometry":{"type":"Point","coordinates":[151.213764,-33.838784]},"properties":{"id":2043,"holderId":17553,"status":"active","name":"Payphone #2043"}},{"type":"Feature","geometry":{"type":"Point","coordinates":[151.155446,-33.960672]},"properties":{"id":2050,"holderId":2323,"status":"active","name":"Payphone #2050"}},{"type":"Feature","geometry":{"type":"Point","coordinates":[151.093622,-33.895495]},"properties":{"id":2059,"holderId":18307,"status":"active","name":"Payphone #2059"}},{"type":"Feature","geometry":{"type":"Point","coordinates":[151.208125,-33.873741]},"properties":{"id":2072,"holderId":6638,"status":"active","name":"Payphone #2072"}},{"type":"Feature","geometry":{"type":"Point","coordinates":[150.808049,-33.954272]},"properties":{"id":2075,"holderId":18742,"status":"active","name":"Payphone #2075"}},{"type":"Feature","geometry":{"type":"Point","coordinates":[151.20716245843295,-33.873288]},"properties":{"id":2083,"holderId":930,"status":"active","name":"Payphone #2083"}},{"type":"Feature","geometry":{"type":"Point","coordinates":[151.196199,-33.794154]},"properties":{"id":2086,"holderId":8604,"status":"active","name":"Payphone #2086"}},{"type":"Feature","geometry":{"type":"Point","coordinates":[151.086785,-33.807556]},"properties":{"id":2096,"holderId":2618,"status":"active","name":"Payphone #2096"}},{"type":"Feature","geometry":{"type":"Point","coordinates":[150.88373952416953,-33.918984]},"properties":{"id":2108,"holderId":4870,"status":"active","name":"Payphone #2108"}},{"type":"Feature","geometry":{"type":"Point","coordinates":[151.09354545809524,-33.8724]},"properties":{"id":2137,"holderId":18428,"status":"active","name":"Payphone #2137"}},{"type":"Feature","geometry":{"type":"Point","coordinates":[151.302944,-33.739009]},"properties":{"id":2143,"holderId":9367,"status":"active","name":"Payphone #2143"}},{"type":"Feature","geometry":{"type":"Point","coordinates":[150.85126,-34.02139]},"properties":{"id":2144,"holderId":12308,"status":"active","name":"Payphone #2144"}},{"type":"Feature","geometry":{"type":"Point","coordinates":[151.124744,-33.968691]},"properties":{"id":2175,"holderId":12307,"status":"active","name":"Payphone #2175"}},{"type":"Feature","geometry":{"type":"Point","coordinates":[151.195474,-33.887063]},"properties":{"id":2176,"holderId":6413,"status":"active","name":"Payphone #2176"}},{"type":"Feature","geometry":{"type":"Point","coordinates":[150.81497,-34.07464]},"properties":{"id":2180,"holderId":12308,"status":"active","name":"Payphone #2180"}},{"type":"Feature","geometry":{"type":"Point","coordinates":[151.111729,-33.768241]},"properties":{"id":2183,"holderId":17882,"status":"active","name":"Payphone #2183"}},{"type":"Feature","geometry":{"type":"Point","coordinates":[151.099412,-33.919939]},"properties":{"id":2208,"holderId":887,"status":"active","name":"Payphone #2208"}},{"type":"Feature","geometry":{"type":"Point","coordinates":[151.197448,-33.885968]},"properties":{"id":2210,"holderId":6413,"status":"active","name":"Payphone #2210"}},{"type":"Feature","geometry":{"type":"Point","coordinates":[151.292543,-33.730764]},"properties":{"id":2211,"holderId":11601,"status":"active","name":"Payphone #2211"}},{"type":"Feature","geometry":{"type":"Point","coordinates":[151.08271242691887,-33.79025]},"properties":{"id":2228,"holderId":17882,"status":"active","name":"Payphone #2228"}},{"type":"Feature","geometry":{"type":"Point","coordinates":[151.371588,-33.446979]},"properties":{"id":2238,"holderId":6116,"status":"active","name":"Payphone #2238"}},{"type":"Feature","geometry":{"type":"Point","coordinates":[151.023397,-33.883339]},"properties":{"id":2242,"holderId":12308,"status":"active","name":"Payphone #2242"}},{"type":"Feature","geometry":{"type":"Point","coordinates":[151.220909,-33.869327]},"properties":{"id":2246,"holderId":51,"status":"active","name":"Payphone #2246"}},{"type":"Feature","geometry":{"type":"Point","coordinates":[151.160868,-33.924545]},"properties":{"id":2285,"holderId":18822,"status":"active","name":"Payphone #2285"}},{"type":"Feature","geometry":{"type":"Point","coordinates":[150.745322,-33.594254]},"properties":{"id":2298,"holderId":17170,"status":"active","name":"Payphone #2298"}},{"type":"Feature","geometry":{"type":"Point","coordinates":[151.25435,-33.91157]},"properties":{"id":2301,"holderId":6643,"status":"active","name":"Payphone #2301"}},{"type":"Feature","geometry":{"type":"Point","coordinates":[151.065932,-33.749604]},"properties":{"id":2312,"holderId":887,"status":"active","name":"Payphone #2312"}},{"type":"Feature","geometry":{"type":"Point","coordinates":[151.284943,-33.798976]},"properties":{"id":2322,"holderId":4213,"status":"active","name":"Payphone #2322"}},{"type":"Feature","geometry":{"type":"Point","coordinates":[151.070897,-33.860284]},"properties":{"id":2327,"holderId":6232,"status":"active","name":"Payphone #2327"}},{"type":"Feature","geometry":{"type":"Point","coordinates":[151.12897,-33.885186]},"properties":{"id":2342,"holderId":6232,"status":"active","name":"Payphone #2342"}},{"type":"Feature","geometry":{"type":"Point","coordinates":[151.153931,-33.960007]},"properties":{"id":2346,"holderId":4870,"status":"active","name":"Payphone #2346"}},{"type":"Feature","geometry":{"type":"Point","coordinates":[151.204663,-33.877981]},"properties":{"id":2347,"holderId":14295,"status":"active","name":"Payphone #2347"}},{"type":"Feature","geometry":{"type":"Point","coordinates":[151.209462,-33.863617]},"properties":{"id":2356,"holderId":17553,"status":"active","name":"Payphone #2356"}},{"type":"Feature","geometry":{"type":"Point","coordinates":[151.002058,-33.81492]},"properties":{"id":2368,"holderId":18898,"status":"active","name":"Payphone #2368"}},{"type":"Feature","geometry":{"type":"Point","coordinates":[150.984182,-33.854169]},"properties":{"id":2376,"holderId":6232,"status":"active","name":"Payphone #2376"}},{"type":"Feature","geometry":{"type":"Point","coordinates":[151.186087,-33.89675]},"properties":{"id":2379,"holderId":14599,"status":"active","name":"Payphone #2379"}},{"type":"Feature","geometry":{"type":"Point","coordinates":[151.251569,-33.891846]},"properties":{"id":2384,"holderId":6643,"status":"active","name":"Payphone #2384"}},{"type":"Feature","geometry":{"type":"Point","coordinates":[151.226043,-33.87531]},"properties":{"id":2389,"holderId":51,"status":"active","name":"Payphone #2389"}},{"type":"Feature","geometry":{"type":"Point","coordinates":[151.295836,-33.755888]},"properties":{"id":2392,"holderId":9819,"status":"active","name":"Payphone #2392"}},{"type":"Feature","geometry":{"type":"Point","coordinates":[151.20999,-33.87078]},"properties":{"id":2400,"holderId":8604,"status":"active","name":"Payphone #2400"}},{"type":"Feature","geometry":{"type":"Point","coordinates":[151.16012,-33.66068]},"properties":{"id":2404,"holderId":14771,"status":"active","name":"Payphone #2404"}},{"type":"Feature","geometry":{"type":"Point","coordinates":[151.085608,-33.848368]},"properties":{"id":2405,"holderId":18055,"status":"active","name":"Payphone #2405"}},{"type":"Feature","geometry":{"type":"Point","coordinates":[150.797898,-34.095808]},"properties":{"id":2417,"holderId":12308,"status":"active","name":"Payphone #2417"}},{"type":"Feature","geometry":{"type":"Point","coordinates":[150.820319,-34.048959]},"properties":{"id":2422,"holderId":17588,"status":"active","name":"Payphone #2422"}},{"type":"Feature","geometry":{"type":"Point","coordinates":[151.09441245818994,-33.872649]},"properties":{"id":2426,"holderId":18428,"status":"active","name":"Payphone #2426"}},{"type":"Feature","geometry":{"type":"Point","coordinates":[151.284088,-33.799161]},"properties":{"id":2432,"holderId":4213,"status":"active","name":"Payphone #2432"}},{"type":"Feature","geometry":{"type":"Point","coordinates":[151.08429,-33.86777]},"properties":{"id":2437,"holderId":6232,"status":"active","name":"Payphone #2437"}},{"type":"Feature","geometry":{"type":"Point","coordinates":[151.032786,-33.852043]},"properties":{"id":2441,"holderId":3290,"status":"active","name":"Payphone #2441"}},{"type":"Feature","geometry":{"type":"Point","coordinates":[150.940211,-33.819087]},"properties":{"id":2445,"holderId":12772,"status":"active","name":"Payphone #2445"}},{"type":"Feature","geometry":{"type":"Point","coordinates":[151.139806,-33.957694]},"properties":{"id":2454,"holderId":887,"status":"active","name":"Payphone #2454"}},{"type":"Feature","geometry":{"type":"Point","coordinates":[151.210898,-33.884432]},"properties":{"id":2455,"holderId":51,"status":"active","name":"Payphone #2455"}},{"type":"Feature","geometry":{"type":"Point","coordinates":[150.990643,-33.836749]},"properties":{"id":2476,"holderId":1903,"status":"active","name":"Payphone #2476"}},{"type":"Feature","geometry":{"type":"Point","coordinates":[151.09048856341806,-33.815748]},"properties":{"id":2492,"holderId":18506,"status":"active","name":"Payphone #2492"}},{"type":"Feature","geometry":{"type":"Point","coordinates":[151.15472,-33.90746]},"properties":{"id":2496,"holderId":18439,"status":"active","name":"Payphone #2496"}},{"type":"Feature","geometry":{"type":"Point","coordinates":[151.004189,-33.811421]},"properties":{"id":2499,"holderId":13403,"status":"active","name":"Payphone #2499"}},{"type":"Feature","geometry":{"type":"Point","coordinates":[150.694139,-33.751261]},"properties":{"id":2501,"holderId":15341,"status":"active","name":"Payphone #2501"}},{"type":"Feature","geometry":{"type":"Point","coordinates":[151.047634,-33.975515]},"properties":{"id":2502,"holderId":11233,"status":"active","name":"Payphone #2502"}},{"type":"Feature","geometry":{"type":"Point","coordinates":[151.033459,-33.849054]},"properties":{"id":2507,"holderId":12308,"status":"active","name":"Payphone #2507"}},{"type":"Feature","geometry":{"type":"Point","coordinates":[151.19751,-33.91192]},"properties":{"id":2515,"holderId":16253,"status":"active","name":"Payphone #2515"}},{"type":"Feature","geometry":{"type":"Point","coordinates":[151.147177,-33.458054]},"properties":{"id":2527,"holderId":17687,"status":"active","name":"Payphone #2527"}},{"type":"Feature","geometry":{"type":"Point","coordinates":[151.081953,-33.77263]},"properties":{"id":2530,"holderId":17882,"status":"active","name":"Payphone #2530"}},{"type":"Feature","geometry":{"type":"Point","coordinates":[150.814236,-34.063113]},"properties":{"id":2531,"holderId":12308,"status":"active","name":"Payphone #2531"}},{"type":"Feature","geometry":{"type":"Point","coordinates":[150.57075,-34.07821]},"properties":{"id":2541,"holderId":7694,"status":"active","name":"Payphone #2541"}},{"type":"Feature","geometry":{"type":"Point","coordinates":[150.77513,-33.762067]},"properties":{"id":2549,"holderId":5340,"status":"active","name":"Payphone #2549"}},{"type":"Feature","geometry":{"type":"Point","coordinates":[151.241378,-33.969714]},"properties":{"id":2550,"holderId":18276,"status":"active","name":"Payphone #2550"}},{"type":"Feature","geometry":{"type":"Point","coordinates":[150.820105,-34.025959]},"properties":{"id":2554,"holderId":17588,"status":"active","name":"Payphone #2554"}},{"type":"Feature","geometry":{"type":"Point","coordinates":[150.911057,-33.870197]},"properties":{"id":2555,"holderId":12772,"status":"active","name":"Payphone #2555"}},{"type":"Feature","geometry":{"type":"Point","coordinates":[151.00267,-33.956669]},"properties":{"id":2561,"holderId":15802,"status":"active","name":"Payphone #2561"}},{"type":"Feature","geometry":{"type":"Point","coordinates":[151.242516,-33.920128]},"properties":{"id":2587,"holderId":18860,"status":"active","name":"Payphone #2587"}},{"type":"Feature","geometry":{"type":"Point","coordinates":[151.206495,-33.865218]},"properties":{"id":2588,"holderId":17822,"status":"active","name":"Payphone #2588"}},{"type":"Feature","geometry":{"type":"Point","coordinates":[150.78233,-33.764919]},"properties":{"id":2603,"holderId":7694,"status":"active","name":"Payphone #2603"}},{"type":"Feature","geometry":{"type":"Point","coordinates":[151.10392647404535,-33.9143]},"properties":{"id":2605,"holderId":805,"status":"active","name":"Payphone #2605"}},{"type":"Feature","geometry":{"type":"Point","coordinates":[150.9862454511416,-33.854106]},"properties":{"id":2624,"holderId":17902,"status":"active","name":"Payphone #2624"}},{"type":"Feature","geometry":{"type":"Point","coordinates":[151.211927,-33.810963]},"properties":{"id":2626,"holderId":8604,"status":"active","name":"Payphone #2626"}},{"type":"Feature","geometry":{"type":"Point","coordinates":[150.988885,-33.805859]},"properties":{"id":2632,"holderId":1903,"status":"active","name":"Payphone #2632"}},{"type":"Feature","geometry":{"type":"Point","coordinates":[150.953874,-33.86914]},"properties":{"id":2638,"holderId":805,"status":"active","name":"Payphone #2638"}},{"type":"Feature","geometry":{"type":"Point","coordinates":[150.830128,-33.428417]},"properties":{"id":2639,"holderId":6753,"status":"active","name":"Payphone #2639"}},{"type":"Feature","geometry":{"type":"Point","coordinates":[151.188043,-33.880914]},"properties":{"id":2652,"holderId":6704,"status":"active","name":"Payphone #2652"}},{"type":"Feature","geometry":{"type":"Point","coordinates":[151.25748,-33.93853]},"properties":{"id":2669,"holderId":17858,"status":"active","name":"Payphone #2669"}},{"type":"Feature","geometry":{"type":"Point","coordinates":[151.205532,-33.874022]},"properties":{"id":2673,"holderId":18337,"status":"active","name":"Payphone #2673"}},{"type":"Feature","geometry":{"type":"Point","coordinates":[151.104411,-33.874937]},"properties":{"id":2688,"holderId":14599,"status":"active","name":"Payphone #2688"}},{"type":"Feature","geometry":{"type":"Point","coordinates":[151.212506,-33.865652]},"properties":{"id":2689,"holderId":17553,"status":"active","name":"Payphone #2689"}},{"type":"Feature","geometry":{"type":"Point","coordinates":[151.044268,-33.863798]},"properties":{"id":2694,"holderId":18740,"status":"active","name":"Payphone #2694"}},{"type":"Feature","geometry":{"type":"Point","coordinates":[151.30066,-33.5903]},"properties":{"id":2699,"holderId":9097,"status":"active","name":"Payphone #2699"}},{"type":"Feature","geometry":{"type":"Point","coordinates":[151.284288,-33.64467]},"properties":{"id":2700,"holderId":17926,"status":"active","name":"Payphone #2700"}},{"type":"Feature","geometry":{"type":"Point","coordinates":[150.612585,-34.179013]},"properties":{"id":2712,"holderId":18742,"status":"active","name":"Payphone #2712"}},{"type":"Feature","geometry":{"type":"Point","coordinates":[151.339801,-33.514573]},"properties":{"id":2713,"holderId":9097,"status":"active","name":"Payphone #2713"}},{"type":"Feature","geometry":{"type":"Point","coordinates":[151.288823,-33.75273]},"properties":{"id":2716,"holderId":9737,"status":"active","name":"Payphone #2716"}},{"type":"Feature","geometry":{"type":"Point","coordinates":[151.204392,-33.835254]},"properties":{"id":2724,"holderId":8604,"status":"active","name":"Payphone #2724"}},{"type":"Feature","geometry":{"type":"Point","coordinates":[151.003167,-33.814503]},"properties":{"id":2737,"holderId":13403,"status":"active","name":"Payphone #2737"}},{"type":"Feature","geometry":{"type":"Point","coordinates":[151.323478,-33.48562]},"properties":{"id":2743,"holderId":6116,"status":"active","name":"Payphone #2743"}},{"type":"Feature","geometry":{"type":"Point","coordinates":[151.24225,-33.952811]},"properties":{"id":2749,"holderId":18276,"status":"active","name":"Payphone #2749"}},{"type":"Feature","geometry":{"type":"Point","coordinates":[151.272199,-33.890249]},"properties":{"id":2750,"holderId":6643,"status":"active","name":"Payphone #2750"}},{"type":"Feature","geometry":{"type":"Point","coordinates":[151.055994,-33.924838]},"properties":{"id":2754,"holderId":11233,"status":"active","name":"Payphone #2754"}},{"type":"Feature","geometry":{"type":"Point","coordinates":[151.088332,-33.965227]},"properties":{"id":2756,"holderId":11233,"status":"active","name":"Payphone #2756"}},{"type":"Feature","geometry":{"type":"Point","coordinates":[151.043902,-33.720922]},"properties":{"id":2759,"holderId":18050,"status":"active","name":"Payphone #2759"}},{"type":"Feature","geometry":{"type":"Point","coordinates":[151.30937,-33.66008]},"properties":{"id":2768,"holderId":18826,"status":"active","name":"Payphone #2768"}},{"type":"Feature","geometry":{"type":"Point","coordinates":[151.20116644071533,-33.826645]},"properties":{"id":2779,"holderId":19011,"status":"active","name":"Payphone #2779"}},{"type":"Feature","geometry":{"type":"Point","coordinates":[151.20255,-33.90101]},"properties":{"id":2780,"holderId":16253,"status":"active","name":"Payphone #2780"}},{"type":"Feature","geometry":{"type":"Point","coordinates":[151.154294,-33.909924]},"properties":{"id":2784,"holderId":2323,"status":"active","name":"Payphone #2784"}},{"type":"Feature","geometry":{"type":"Point","coordinates":[151.06947,-33.9487]},"properties":{"id":2794,"holderId":11233,"status":"active","name":"Payphone #2794"}},{"type":"Feature","geometry":{"type":"Point","coordinates":[150.987826,-33.775568]},"properties":{"id":2797,"holderId":6547,"status":"active","name":"Payphone #2797"}},{"type":"Feature","geometry":{"type":"Point","coordinates":[151.25122,-33.786725]},"properties":{"id":2815,"holderId":13845,"status":"active","name":"Payphone #2815"}},{"type":"Feature","geometry":{"type":"Point","coordinates":[151.100238,-33.736871]},"properties":{"id":2844,"holderId":11137,"status":"active","name":"Payphone #2844"}},{"type":"Feature","geometry":{"type":"Point","coordinates":[151.180007,-33.934013]},"properties":{"id":2849,"holderId":10516,"status":"active","name":"Payphone #2849"}},{"type":"Feature","geometry":{"type":"Point","coordinates":[150.693292,-34.07905]},"properties":{"id":2860,"holderId":12064,"status":"active","name":"Payphone #2860"}},{"type":"Feature","geometry":{"type":"Point","coordinates":[151.229553,-33.924935]},"properties":{"id":2868,"holderId":14971,"status":"active","name":"Payphone #2868"}},{"type":"Feature","geometry":{"type":"Point","coordinates":[151.106135,-33.812281]},"properties":{"id":2872,"holderId":10975,"status":"active","name":"Payphone #2872"}},{"type":"Feature","geometry":{"type":"Point","coordinates":[151.08864576228908,-33.91788866119106]},"properties":{"id":2878,"holderId":52,"status":"active","name":"Payphone #2878"}},{"type":"Feature","geometry":{"type":"Point","coordinates":[151.38283,-33.520164]},"properties":{"id":2884,"holderId":6116,"status":"active","name":"Payphone #2884"}},{"type":"Feature","geometry":{"type":"Point","coordinates":[151.20551,-33.904164]},"properties":{"id":2911,"holderId":16253,"status":"active","name":"Payphone #2911"}},{"type":"Feature","geometry":{"type":"Point","coordinates":[151.09475945774236,-33.871472]},"properties":{"id":2915,"holderId":18428,"status":"active","name":"Payphone #2915"}},{"type":"Feature","geometry":{"type":"Point","coordinates":[150.984374,-33.85417]},"properties":{"id":2922,"holderId":1903,"status":"active","name":"Payphone #2922"}},{"type":"Feature","geometry":{"type":"Point","coordinates":[151.159864,-33.912483]},"properties":{"id":2936,"holderId":18439,"status":"active","name":"Payphone #2936"}},{"type":"Feature","geometry":{"type":"Point","coordinates":[150.81722,-33.96402]},"properties":{"id":2944,"holderId":13543,"status":"active","name":"Payphone #2944"}},{"type":"Feature","geometry":{"type":"Point","coordinates":[151.171804,-33.888189]},"properties":{"id":2948,"holderId":16980,"status":"active","name":"Payphone #2948"}},{"type":"Feature","geometry":{"type":"Point","coordinates":[150.955013,-33.871481]},"properties":{"id":2963,"holderId":805,"status":"active","name":"Payphone #2963"}},{"type":"Feature","geometry":{"type":"Point","coordinates":[151.10339247244505,-33.9101]},"properties":{"id":2964,"holderId":18307,"status":"active","name":"Payphone #2964"}},{"type":"Feature","geometry":{"type":"Point","coordinates":[151.205261,-33.866697]},"properties":{"id":2973,"holderId":6553,"status":"active","name":"Payphone #2973"}},{"type":"Feature","geometry":{"type":"Point","coordinates":[151.221192,-33.831223]},"properties":{"id":2974,"holderId":17553,"status":"active","name":"Payphone #2974"}},{"type":"Feature","geometry":{"type":"Point","coordinates":[151.363153,-33.493737]},"properties":{"id":2976,"holderId":6116,"status":"active","name":"Payphone #2976"}},{"type":"Feature","geometry":{"type":"Point","coordinates":[151.232711,-33.838411]},"properties":{"id":2987,"holderId":18069,"status":"active","name":"Payphone #2987"}},{"type":"Feature","geometry":{"type":"Point","coordinates":[151.20135,-33.825771]},"properties":{"id":2997,"holderId":19011,"status":"active","name":"Payphone #2997"}},{"type":"Feature","geometry":{"type":"Point","coordinates":[151.273272,-33.891826]},"properties":{"id":3001,"holderId":6638,"status":"active","name":"Payphone #3001"}},{"type":"Feature","geometry":{"type":"Point","coordinates":[150.935122,-33.913277]},"properties":{"id":3002,"holderId":4870,"status":"active","name":"Payphone #3002"}},{"type":"Feature","geometry":{"type":"Point","coordinates":[151.21221,-33.844233]},"properties":{"id":3004,"holderId":17553,"status":"active","name":"Payphone #3004"}},{"type":"Feature","geometry":{"type":"Point","coordinates":[151.256547,-33.922594]},"properties":{"id":3005,"holderId":6643,"status":"active","name":"Payphone #3005"}},{"type":"Feature","geometry":{"type":"Point","coordinates":[151.169336,-33.775221]},"properties":{"id":3006,"holderId":10152,"status":"active","name":"Payphone #3006"}},{"type":"Feature","geometry":{"type":"Point","coordinates":[150.86678247143166,-33.90744]},"properties":{"id":3016,"holderId":4870,"status":"active","name":"Payphone #3016"}},{"type":"Feature","geometry":{"type":"Point","coordinates":[151.209242,-33.874568]},"properties":{"id":3024,"holderId":17615,"status":"active","name":"Payphone #3024"}},{"type":"Feature","geometry":{"type":"Point","coordinates":[151.274604,-33.550232]},"properties":{"id":3029,"holderId":9097,"status":"active","name":"Payphone #3029"}},{"type":"Feature","geometry":{"type":"Point","coordinates":[151.221049,-33.840517]},"properties":{"id":3032,"holderId":18069,"status":"active","name":"Payphone #3032"}},{"type":"Feature","geometry":{"type":"Point","coordinates":[151.25038,-33.91989]},"properties":{"id":3033,"holderId":14971,"status":"active","name":"Payphone #3033"}},{"type":"Feature","geometry":{"type":"Point","coordinates":[151.05521,-33.93688]},"properties":{"id":3034,"holderId":11233,"status":"active","name":"Payphone #3034"}},{"type":"Feature","geometry":{"type":"Point","coordinates":[150.96611,-33.8804]},"properties":{"id":3084,"holderId":4870,"status":"active","name":"Payphone #3084"}},{"type":"Feature","geometry":{"type":"Point","coordinates":[150.943575,-33.730099]},"properties":{"id":3094,"holderId":930,"status":"active","name":"Payphone #3094"}},{"type":"Feature","geometry":{"type":"Point","coordinates":[151.07066151344787,-33.947094]},"properties":{"id":3111,"holderId":11233,"status":"active","name":"Payphone #3111"}},{"type":"Feature","geometry":{"type":"Point","coordinates":[150.837969,-33.560193]},"properties":{"id":3118,"holderId":17170,"status":"active","name":"Payphone #3118"}},{"type":"Feature","geometry":{"type":"Point","coordinates":[151.008574,-33.825086]},"properties":{"id":3119,"holderId":18441,"status":"active","name":"Payphone #3119"}},{"type":"Feature","geometry":{"type":"Point","coordinates":[151.094209,-33.873501]},"properties":{"id":3135,"holderId":18428,"status":"active","name":"Payphone #3135"}},{"type":"Feature","geometry":{"type":"Point","coordinates":[151.012147,-33.54699]},"properties":{"id":3137,"holderId":17663,"status":"active","name":"Payphone #3137"}},{"type":"Feature","geometry":{"type":"Point","coordinates":[151.346212,-33.411174]},"properties":{"id":3143,"holderId":558,"status":"active","name":"Payphone #3143"}},{"type":"Feature","geometry":{"type":"Point","coordinates":[151.212332,-33.880441]},"properties":{"id":3148,"holderId":4247,"status":"active","name":"Payphone #3148"}},{"type":"Feature","geometry":{"type":"Point","coordinates":[150.9069014189548,-33.769211]},"properties":{"id":3150,"holderId":14722,"status":"active","name":"Payphone #3150"}},{"type":"Feature","geometry":{"type":"Point","coordinates":[150.90728241860597,-33.768289]},"properties":{"id":3160,"holderId":26,"status":"active","name":"Payphone #3160"}},{"type":"Feature","geometry":{"type":"Point","coordinates":[151.28964,-33.79909]},"properties":{"id":3169,"holderId":4213,"status":"active","name":"Payphone #3169"}},{"type":"Feature","geometry":{"type":"Point","coordinates":[151.0944,-34.01334]},"properties":{"id":3174,"holderId":6232,"status":"active","name":"Payphone #3174"}},{"type":"Feature","geometry":{"type":"Point","coordinates":[151.203475,-33.866687]},"properties":{"id":3175,"holderId":12307,"status":"active","name":"Payphone #3175"}},{"type":"Feature","geometry":{"type":"Point","coordinates":[151.12006,-33.90076]},"properties":{"id":3178,"holderId":6232,"status":"active","name":"Payphone #3178"}},{"type":"Feature","geometry":{"type":"Point","coordinates":[151.013768,-33.81161]},"properties":{"id":3181,"holderId":18898,"status":"active","name":"Payphone #3181"}},{"type":"Feature","geometry":{"type":"Point","coordinates":[150.774143,-33.765525]},"properties":{"id":3189,"holderId":7694,"status":"active","name":"Payphone #3189"}},{"type":"Feature","geometry":{"type":"Point","coordinates":[151.043561,-33.864578]},"properties":{"id":3211,"holderId":3290,"status":"active","name":"Payphone #3211"}},{"type":"Feature","geometry":{"type":"Point","coordinates":[150.95072,-33.95572]},"properties":{"id":3221,"holderId":18742,"status":"active","name":"Payphone #3221"}},{"type":"Feature","geometry":{"type":"Point","coordinates":[151.128214,-33.843946]},"properties":{"id":3223,"holderId":18305,"status":"active","name":"Payphone #3223"}},{"type":"Feature","geometry":{"type":"Point","coordinates":[151.0579055188879,-34.031636]},"properties":{"id":3224,"holderId":18915,"status":"active","name":"Payphone #3224"}},{"type":"Feature","geometry":{"type":"Point","coordinates":[151.020515,-33.932804]},"properties":{"id":3269,"holderId":12308,"status":"active","name":"Payphone #3269"}},{"type":"Feature","geometry":{"type":"Point","coordinates":[150.873839,-33.704321]},"properties":{"id":3301,"holderId":17663,"status":"active","name":"Payphone #3301"}},{"type":"Feature","geometry":{"type":"Point","coordinates":[150.995406,-33.823211]},"properties":{"id":3304,"holderId":6232,"status":"active","name":"Payphone #3304"}},{"type":"Feature","geometry":{"type":"Point","coordinates":[151.100231,-33.940697]},"properties":{"id":3311,"holderId":11233,"status":"active","name":"Payphone #3311"}},{"type":"Feature","geometry":{"type":"Point","coordinates":[151.20819754326982,-33.86881]},"properties":{"id":3320,"holderId":8604,"status":"active","name":"Payphone #3320"}},{"type":"Feature","geometry":{"type":"Point","coordinates":[151.062811,-33.959244]},"properties":{"id":3326,"holderId":11233,"status":"active","name":"Payphone #3326"}},{"type":"Feature","geometry":{"type":"Point","coordinates":[151.045207,-33.858498]},"properties":{"id":3327,"holderId":3290,"status":"active","name":"Payphone #3327"}},{"type":"Feature","geometry":{"type":"Point","coordinates":[151.094727,-33.87144505066475]},"properties":{"id":3351,"holderId":18428,"status":"active","name":"Payphone #3351"}},{"type":"Feature","geometry":{"type":"Point","coordinates":[151.18217746669848,-33.895011]},"properties":{"id":3357,"holderId":887,"status":"active","name":"Payphone #3357"}},{"type":"Feature","geometry":{"type":"Point","coordinates":[151.215754,-33.885418]},"properties":{"id":3359,"holderId":18276,"status":"active","name":"Payphone #3359"}},{"type":"Feature","geometry":{"type":"Point","coordinates":[151.2710824675395,-33.89722]},"properties":{"id":3387,"holderId":6638,"status":"active","name":"Payphone #3387"}},{"type":"Feature","geometry":{"type":"Point","coordinates":[151.041773,-33.760654]},"properties":{"id":3390,"holderId":6547,"status":"active","name":"Payphone #3390"}},{"type":"Feature","geometry":{"type":"Point","coordinates":[151.171457,-33.592851]},"properties":{"id":3395,"holderId":17015,"status":"active","name":"Payphone #3395"}},{"type":"Feature","geometry":{"type":"Point","coordinates":[151.209628,-33.869877]},"properties":{"id":3411,"holderId":8604,"status":"active","name":"Payphone #3411"}},{"type":"Feature","geometry":{"type":"Point","coordinates":[151.130812,-33.857602]},"properties":{"id":3412,"holderId":18398,"status":"active","name":"Payphone #3412"}},{"type":"Feature","geometry":{"type":"Point","coordinates":[151.13271249299225,-33.96396]},"properties":{"id":3414,"holderId":12307,"status":"active","name":"Payphone #3414"}},{"type":"Feature","geometry":{"type":"Point","coordinates":[150.961267,-33.884438]},"properties":{"id":3418,"holderId":4870,"status":"active","name":"Payphone #3418"}},{"type":"Feature","geometry":{"type":"Point","coordinates":[151.080589,-34.029665]},"properties":{"id":3426,"holderId":833,"status":"active","name":"Payphone #3426"}},{"type":"Feature","geometry":{"type":"Point","coordinates":[151.210459,-33.8707462]},"properties":{"id":3431,"holderId":12977,"status":"active","name":"Payphone #3431"}},{"type":"Feature","geometry":{"type":"Point","coordinates":[150.695874,-33.753299]},"properties":{"id":3432,"holderId":12896,"status":"active","name":"Payphone #3432"}},{"type":"Feature","geometry":{"type":"Point","coordinates":[151.169257,-33.775586]},"properties":{"id":3433,"holderId":10152,"status":"active","name":"Payphone #3433"}},{"type":"Feature","geometry":{"type":"Point","coordinates":[151.206938,-33.874032]},"properties":{"id":3439,"holderId":930,"status":"active","name":"Payphone #3439"}},{"type":"Feature","geometry":{"type":"Point","coordinates":[151.113166,-33.938149]},"properties":{"id":3441,"holderId":11233,"status":"active","name":"Payphone #3441"}},{"type":"Feature","geometry":{"type":"Point","coordinates":[150.93973,-33.853469]},"properties":{"id":3450,"holderId":12772,"status":"active","name":"Payphone #3450"}},{"type":"Feature","geometry":{"type":"Point","coordinates":[151.218329,-33.830285]},"properties":{"id":3451,"holderId":17553,"status":"active","name":"Payphone #3451"}},{"type":"Feature","geometry":{"type":"Point","coordinates":[151.20737,-33.86428]},"properties":{"id":3456,"holderId":18428,"status":"active","name":"Payphone #3456"}},{"type":"Feature","geometry":{"type":"Point","coordinates":[150.814365,-34.063787]},"properties":{"id":3461,"holderId":12308,"status":"active","name":"Payphone #3461"}},{"type":"Feature","geometry":{"type":"Point","coordinates":[151.092284,-33.83679]},"properties":{"id":3469,"holderId":12109,"status":"active","name":"Payphone #3469"}},{"type":"Feature","geometry":{"type":"Point","coordinates":[151.06819,-33.846744]},"properties":{"id":3473,"holderId":1257,"status":"active","name":"Payphone #3473"}},{"type":"Feature","geometry":{"type":"Point","coordinates":[151.260224,-33.893332]},"properties":{"id":3476,"holderId":6638,"status":"active","name":"Payphone #3476"}},{"type":"Feature","geometry":{"type":"Point","coordinates":[151.255091,-33.928395]},"properties":{"id":3493,"holderId":18375,"status":"active","name":"Payphone #3493"}},{"type":"Feature","geometry":{"type":"Point","coordinates":[151.208267,-33.870099]},"properties":{"id":3500,"holderId":18564,"status":"active","name":"Payphone #3500"}},{"type":"Feature","geometry":{"type":"Point","coordinates":[150.998414,-33.954927]},"properties":{"id":3502,"holderId":15802,"status":"active","name":"Payphone #3502"}},{"type":"Feature","geometry":{"type":"Point","coordinates":[151.289578,-33.762747]},"properties":{"id":3505,"holderId":16107,"status":"active","name":"Payphone #3505"}},{"type":"Feature","geometry":{"type":"Point","coordinates":[150.93083,-33.761689]},"properties":{"id":3522,"holderId":17663,"status":"active","name":"Payphone #3522"}},{"type":"Feature","geometry":{"type":"Point","coordinates":[151.03197,-33.95188]},"properties":{"id":3525,"holderId":17722,"status":"active","name":"Payphone #3525"}},{"type":"Feature","geometry":{"type":"Point","coordinates":[150.912128,-33.896855]},"properties":{"id":3527,"holderId":5340,"status":"active","name":"Payphone #3527"}},{"type":"Feature","geometry":{"type":"Point","coordinates":[151.103335,-33.880172]},"properties":{"id":3535,"holderId":18307,"status":"active","name":"Payphone #3535"}},{"type":"Feature","geometry":{"type":"Point","coordinates":[150.842418,-34.027371]},"properties":{"id":3541,"holderId":12308,"status":"active","name":"Payphone #3541"}},{"type":"Feature","geometry":{"type":"Point","coordinates":[151.057394,-34.031523]},"properties":{"id":3544,"holderId":18915,"status":"active","name":"Payphone #3544"}},{"type":"Feature","geometry":{"type":"Point","coordinates":[151.10385047284927,-33.911161]},"properties":{"id":3592,"holderId":18307,"status":"active","name":"Payphone #3592"}},{"type":"Feature","geometry":{"type":"Point","coordinates":[151.138194,-33.891239]},"properties":{"id":3598,"holderId":12066,"status":"active","name":"Payphone #3598"}},{"type":"Feature","geometry":{"type":"Point","coordinates":[150.93294,-33.93231]},"properties":{"id":3600,"holderId":18742,"status":"active","name":"Payphone #3600"}},{"type":"Feature","geometry":{"type":"Point","coordinates":[151.341815,-33.437979]},"properties":{"id":3609,"holderId":6116,"status":"active","name":"Payphone #3609"}},{"type":"Feature","geometry":{"type":"Point","coordinates":[151.256389,-33.922557]},"properties":{"id":3610,"holderId":6643,"status":"active","name":"Payphone #3610"}},{"type":"Feature","geometry":{"type":"Point","coordinates":[151.222786,-33.911652]},"properties":{"id":3612,"holderId":18276,"status":"active","name":"Payphone #3612"}},{"type":"Feature","geometry":{"type":"Point","coordinates":[151.240107,-33.82413]},"properties":{"id":3613,"holderId":16107,"status":"active","name":"Payphone #3613"}},{"type":"Feature","geometry":{"type":"Point","coordinates":[151.108264,-33.82327]},"properties":{"id":3615,"holderId":2618,"status":"active","name":"Payphone #3615"}},{"type":"Feature","geometry":{"type":"Point","coordinates":[151.325128,-33.486589]},"properties":{"id":3621,"holderId":15128,"status":"active","name":"Payphone #3621"}},{"type":"Feature","geometry":{"type":"Point","coordinates":[150.74417,-34.12576]},"properties":{"id":3623,"holderId":17588,"status":"active","name":"Payphone #3623"}},{"type":"Feature","geometry":{"type":"Point","coordinates":[150.95512,-33.870981]},"properties":{"id":3635,"holderId":805,"status":"active","name":"Payphone #3635"}},{"type":"Feature","geometry":{"type":"Point","coordinates":[150.799721,-33.785918]},"properties":{"id":3639,"holderId":7694,"status":"active","name":"Payphone #3639"}},{"type":"Feature","geometry":{"type":"Point","coordinates":[151.32395,-33.59842]},"properties":{"id":3647,"holderId":17386,"status":"active","name":"Payphone #3647"}},{"type":"Feature","geometry":{"type":"Point","coordinates":[150.9565364926924,-33.963175]},"properties":{"id":3657,"holderId":13004,"status":"active","name":"Payphone #3657"}},{"type":"Feature","geometry":{"type":"Point","coordinates":[151.086665,-33.866291]},"properties":{"id":3664,"holderId":6232,"status":"active","name":"Payphone #3664"}},{"type":"Feature","geometry":{"type":"Point","coordinates":[151.181712,-33.889104]},"properties":{"id":3672,"holderId":14599,"status":"active","name":"Payphone #3672"}},{"type":"Feature","geometry":{"type":"Point","coordinates":[150.807887,-33.617031]},"properties":{"id":3686,"holderId":18589,"status":"active","name":"Payphone #3686"}},{"type":"Feature","geometry":{"type":"Point","coordinates":[151.102765,-33.96675]},"properties":{"id":3688,"holderId":18915,"status":"active","name":"Payphone #3688"}},{"type":"Feature","geometry":{"type":"Point","coordinates":[151.204654,-33.869888]},"properties":{"id":3698,"holderId":6553,"status":"active","name":"Payphone #3698"}},{"type":"Feature","geometry":{"type":"Point","coordinates":[151.05494,-33.80516]},"properties":{"id":3699,"holderId":6232,"status":"active","name":"Payphone #3699"}},{"type":"Feature","geometry":{"type":"Point","coordinates":[150.811045,-33.610715]},"properties":{"id":3700,"holderId":18589,"status":"active","name":"Payphone #3700"}},{"type":"Feature","geometry":{"type":"Point","coordinates":[151.157073,-33.895252]},"properties":{"id":3701,"holderId":52,"status":"active","name":"Payphone #3701"}},{"type":"Feature","geometry":{"type":"Point","coordinates":[151.20341,-33.8949]},"properties":{"id":3702,"holderId":52,"status":"active","name":"Payphone #3702"}},{"type":"Feature","geometry":{"type":"Point","coordinates":[151.203774,-33.880947]},"properties":{"id":3709,"holderId":3290,"status":"active","name":"Payphone #3709"}},{"type":"Feature","geometry":{"type":"Point","coordinates":[151.154434,-33.75614]},"properties":{"id":3710,"holderId":14870,"status":"active","name":"Payphone #3710"}},{"type":"Feature","geometry":{"type":"Point","coordinates":[151.317236,-33.517752]},"properties":{"id":3721,"holderId":9097,"status":"active","name":"Payphone #3721"}},{"type":"Feature","geometry":{"type":"Point","coordinates":[151.083568,-33.789956]},"properties":{"id":3732,"holderId":17882,"status":"active","name":"Payphone #3732"}},{"type":"Feature","geometry":{"type":"Point","coordinates":[151.204159,-33.845328]},"properties":{"id":3751,"holderId":19011,"status":"active","name":"Payphone #3751"}},{"type":"Feature","geometry":{"type":"Point","coordinates":[151.159777,-33.80992]},"properties":{"id":3754,"holderId":18865,"status":"active","name":"Payphone #3754"}},{"type":"Feature","geometry":{"type":"Point","coordinates":[151.07629747637324,-33.920408]},"properties":{"id":3770,"holderId":52,"status":"active","name":"Payphone #3770"}},{"type":"Feature","geometry":{"type":"Point","coordinates":[150.830467,-34.050683]},"properties":{"id":3780,"holderId":12308,"status":"active","name":"Payphone #3780"}},{"type":"Feature","geometry":{"type":"Point","coordinates":[150.649449,-33.840018]},"properties":{"id":3783,"holderId":7694,"status":"active","name":"Payphone #3783"}},{"type":"Feature","geometry":{"type":"Point","coordinates":[151.2077962,-33.8368183]},"properties":{"id":3793,"holderId":18088,"status":"active","name":"Payphone #3793"}},{"type":"Feature","geometry":{"type":"Point","coordinates":[150.986946,-33.854122]},"properties":{"id":3800,"holderId":6232,"status":"active","name":"Payphone #3800"}},{"type":"Feature","geometry":{"type":"Point","coordinates":[151.207629,-33.87947]},"properties":{"id":3802,"holderId":3290,"status":"active","name":"Payphone #3802"}},{"type":"Feature","geometry":{"type":"Point","coordinates":[150.957203,-33.872341]},"properties":{"id":3813,"holderId":805,"status":"active","name":"Payphone #3813"}},{"type":"Feature","geometry":{"type":"Point","coordinates":[151.218796,-33.886174]},"properties":{"id":3816,"holderId":18276,"status":"active","name":"Payphone #3816"}},{"type":"Feature","geometry":{"type":"Point","coordinates":[151.180941,-33.933567]},"properties":{"id":3819,"holderId":12366,"status":"active","name":"Payphone #3819"}},{"type":"Feature","geometry":{"type":"Point","coordinates":[151.23881,-33.91705]},"properties":{"id":3831,"holderId":17822,"status":"active","name":"Payphone #3831"}},{"type":"Feature","geometry":{"type":"Point","coordinates":[150.87841,-33.9853]},"properties":{"id":3833,"holderId":4213,"status":"active","name":"Payphone #3833"}},{"type":"Feature","geometry":{"type":"Point","coordinates":[150.887357,-33.88566]},"properties":{"id":3836,"holderId":9771,"status":"active","name":"Payphone #3836"}},{"type":"Feature","geometry":{"type":"Point","coordinates":[151.206502,-33.870781]},"properties":{"id":3837,"holderId":930,"status":"active","name":"Payphone #3837"}},{"type":"Feature","geometry":{"type":"Point","coordinates":[151.08761247469698,-33.91601]},"properties":{"id":3841,"holderId":52,"status":"active","name":"Payphone #3841"}},{"type":"Feature","geometry":{"type":"Point","coordinates":[150.905477,-33.769452]},"properties":{"id":3843,"holderId":17663,"status":"active","name":"Payphone #3843"}},{"type":"Feature","geometry":{"type":"Point","coordinates":[150.926585,-33.922966]},"properties":{"id":3844,"holderId":4870,"status":"active","name":"Payphone #3844"}},{"type":"Feature","geometry":{"type":"Point","coordinates":[150.949353,-33.788601]},"properties":{"id":3852,"holderId":17663,"status":"active","name":"Payphone #3852"}},{"type":"Feature","geometry":{"type":"Point","coordinates":[151.101023,-33.942069]},"properties":{"id":3859,"holderId":11233,"status":"active","name":"Payphone #3859"}},{"type":"Feature","geometry":{"type":"Point","coordinates":[151.349445,-33.413495]},"properties":{"id":3860,"holderId":558,"status":"active","name":"Payphone #3860"}},{"type":"Feature","geometry":{"type":"Point","coordinates":[151.142948,-33.833618]},"properties":{"id":3868,"holderId":2618,"status":"active","name":"Payphone #3868"}},{"type":"Feature","geometry":{"type":"Point","coordinates":[151.170644,-33.881202]},"properties":{"id":3871,"holderId":6232,"status":"active","name":"Payphone #3871"}},{"type":"Feature","geometry":{"type":"Point","coordinates":[150.911079,-33.765821]},"properties":{"id":3898,"holderId":17663,"status":"active","name":"Payphone #3898"}},{"type":"Feature","geometry":{"type":"Point","coordinates":[151.211938,-33.876932]},"properties":{"id":3918,"holderId":18888,"status":"active","name":"Payphone #3918"}},{"type":"Feature","geometry":{"type":"Point","coordinates":[151.274357,-33.760758]},"properties":{"id":3920,"holderId":9819,"status":"active","name":"Payphone #3920"}},{"type":"Feature","geometry":{"type":"Point","coordinates":[151.08529351939538,-34.03296]},"properties":{"id":3932,"holderId":18561,"status":"active","name":"Payphone #3932"}},{"type":"Feature","geometry":{"type":"Point","coordinates":[151.01224,-33.85043]},"properties":{"id":3941,"holderId":12308,"status":"active","name":"Payphone #3941"}},{"type":"Feature","geometry":{"type":"Point","coordinates":[151.067908,-34.004146]},"properties":{"id":3944,"holderId":6879,"status":"active","name":"Payphone #3944"}},{"type":"Feature","geometry":{"type":"Point","coordinates":[151.100251,-33.940741]},"properties":{"id":3945,"holderId":11233,"status":"active","name":"Payphone #3945"}},{"type":"Feature","geometry":{"type":"Point","coordinates":[150.605035,-33.888679]},"properties":{"id":3958,"holderId":7694,"status":"active","name":"Payphone #3958"}},{"type":"Feature","geometry":{"type":"Point","coordinates":[151.103725,-33.910881]},"properties":{"id":3960,"holderId":18307,"status":"active","name":"Payphone #3960"}},{"type":"Feature","geometry":{"type":"Point","coordinates":[151.24339,-33.877368]},"properties":{"id":3966,"holderId":14106,"status":"active","name":"Payphone #3966"}},{"type":"Feature","geometry":{"type":"Point","coordinates":[151.285171,-33.779001]},"properties":{"id":3986,"holderId":15305,"status":"active","name":"Payphone #3986"}},{"type":"Feature","geometry":{"type":"Point","coordinates":[150.956456,-33.868637]},"properties":{"id":3987,"holderId":805,"status":"active","name":"Payphone #3987"}},{"type":"Feature","geometry":{"type":"Point","coordinates":[151.130902,-33.801338]},"properties":{"id":3993,"holderId":6553,"status":"active","name":"Payphone #3993"}},{"type":"Feature","geometry":{"type":"Point","coordinates":[151.162233,-33.729435]},"properties":{"id":3999,"holderId":17170,"status":"active","name":"Payphone #3999"}},{"type":"Feature","geometry":{"type":"Point","coordinates":[150.869767,-33.763388]},"properties":{"id":4005,"holderId":17663,"status":"active","name":"Payphone #4005"}},{"type":"Feature","geometry":{"type":"Point","coordinates":[151.112187,-33.749195]},"properties":{"id":4016,"holderId":17882,"status":"active","name":"Payphone #4016"}},{"type":"Feature","geometry":{"type":"Point","coordinates":[150.697754,-33.753873]},"properties":{"id":4023,"holderId":12896,"status":"active","name":"Payphone #4023"}},{"type":"Feature","geometry":{"type":"Point","coordinates":[150.808908,-33.742756]},"properties":{"id":4027,"holderId":17663,"status":"active","name":"Payphone #4027"}},{"type":"Feature","geometry":{"type":"Point","coordinates":[150.91014041957607,-33.770853]},"properties":{"id":4033,"holderId":17663,"status":"active","name":"Payphone #4033"}},{"type":"Feature","geometry":{"type":"Point","coordinates":[151.125339,-33.888258]},"properties":{"id":4039,"holderId":13814,"status":"active","name":"Payphone #4039"}},{"type":"Feature","geometry":{"type":"Point","coordinates":[151.033285,-33.860796]},"properties":{"id":4042,"holderId":3290,"status":"active","name":"Payphone #4042"}},{"type":"Feature","geometry":{"type":"Point","coordinates":[151.083093,-33.966118]},"properties":{"id":4046,"holderId":11233,"status":"active","name":"Payphone #4046"}},{"type":"Feature","geometry":{"type":"Point","coordinates":[151.147582,-33.893602]},"properties":{"id":4049,"holderId":10143,"status":"active","name":"Payphone #4049"}},{"type":"Feature","geometry":{"type":"Point","coordinates":[151.282818,-33.889648]},"properties":{"id":4053,"holderId":5340,"status":"active","name":"Payphone #4053"}},{"type":"Feature","geometry":{"type":"Point","coordinates":[151.32539,-33.486319]},"properties":{"id":4066,"holderId":9097,"status":"active","name":"Payphone #4066"}},{"type":"Feature","geometry":{"type":"Point","coordinates":[151.211836,-33.863271]},"properties":{"id":4069,"holderId":17553,"status":"active","name":"Payphone #4069"}},{"type":"Feature","geometry":{"type":"Point","coordinates":[150.935808,-33.771412]},"properties":{"id":4077,"holderId":17663,"status":"active","name":"Payphone #4077"}},{"type":"Feature","geometry":{"type":"Point","coordinates":[151.155224,-33.893891]},"properties":{"id":4078,"holderId":52,"status":"active","name":"Payphone #4078"}},{"type":"Feature","geometry":{"type":"Point","coordinates":[151.10135,-33.941582]},"properties":{"id":4083,"holderId":11233,"status":"active","name":"Payphone #4083"}},{"type":"Feature","geometry":{"type":"Point","coordinates":[151.148614,-33.890913]},"properties":{"id":4089,"holderId":18439,"status":"active","name":"Payphone #4089"}},{"type":"Feature","geometry":{"type":"Point","coordinates":[151.20110155928467,-33.826645]},"properties":{"id":4090,"holderId":19011,"status":"active","name":"Payphone #4090"}},{"type":"Feature","geometry":{"type":"Point","coordinates":[151.253961,-33.920471]},"properties":{"id":4092,"holderId":6638,"status":"active","name":"Payphone #4092"}},{"type":"Feature","geometry":{"type":"Point","coordinates":[151.13696,-33.952587]},"properties":{"id":4094,"holderId":2323,"status":"active","name":"Payphone #4094"}},{"type":"Feature","geometry":{"type":"Point","coordinates":[150.829966,-34.053344]},"properties":{"id":4096,"holderId":12308,"status":"active","name":"Payphone #4096"}},{"type":"Feature","geometry":{"type":"Point","coordinates":[151.040883,-33.844392]},"properties":{"id":4098,"holderId":3290,"status":"active","name":"Payphone #4098"}},{"type":"Feature","geometry":{"type":"Point","coordinates":[151.07818,-33.774853]},"properties":{"id":4106,"holderId":17882,"status":"active","name":"Payphone #4106"}},{"type":"Feature","geometry":{"type":"Point","coordinates":[151.153975,-33.91313]},"properties":{"id":4109,"holderId":2323,"status":"active","name":"Payphone #4109"}},{"type":"Feature","geometry":{"type":"Point","coordinates":[151.127871,-33.784992]},"properties":{"id":4115,"holderId":1257,"status":"active","name":"Payphone #4115"}},{"type":"Feature","geometry":{"type":"Point","coordinates":[151.05454947851462,-33.926025]},"properties":{"id":4120,"holderId":11233,"status":"active","name":"Payphone #4120"}},{"type":"Feature","geometry":{"type":"Point","coordinates":[151.237143,-33.888643]},"properties":{"id":4133,"holderId":18276,"status":"active","name":"Payphone #4133"}},{"type":"Feature","geometry":{"type":"Point","coordinates":[151.22109,-33.879407]},"properties":{"id":4143,"holderId":14599,"status":"active","name":"Payphone #4143"}},{"type":"Feature","geometry":{"type":"Point","coordinates":[151.206371,-33.872269]},"properties":{"id":4159,"holderId":6553,"status":"active","name":"Payphone #4159"}},{"type":"Feature","geometry":{"type":"Point","coordinates":[151.203375,-33.884137]},"properties":{"id":4168,"holderId":4870,"status":"active","name":"Payphone #4168"}},{"type":"Feature","geometry":{"type":"Point","coordinates":[151.033282,-33.84938]},"properties":{"id":4173,"holderId":12308,"status":"active","name":"Payphone #4173"}},{"type":"Feature","geometry":{"type":"Point","coordinates":[151.202951,-33.883665]},"properties":{"id":4174,"holderId":4213,"status":"active","name":"Payphone #4174"}},{"type":"Feature","geometry":{"type":"Point","coordinates":[151.12109,-34.041066]},"properties":{"id":4175,"holderId":13280,"status":"active","name":"Payphone #4175"}},{"type":"Feature","geometry":{"type":"Point","coordinates":[151.163263,-33.514623]},"properties":{"id":4187,"holderId":9097,"status":"active","name":"Payphone #4187"}},{"type":"Feature","geometry":{"type":"Point","coordinates":[151.154548,-34.060539]},"properties":{"id":4192,"holderId":1257,"status":"active","name":"Payphone #4192"}},{"type":"Feature","geometry":{"type":"Point","coordinates":[150.843181,-34.027864]},"properties":{"id":4197,"holderId":12308,"status":"active","name":"Payphone #4197"}},{"type":"Feature","geometry":{"type":"Point","coordinates":[151.13831,-33.61226]},"properties":{"id":4202,"holderId":17015,"status":"active","name":"Payphone #4202"}},{"type":"Feature","geometry":{"type":"Point","coordinates":[151.089582,-33.815492]},"properties":{"id":4203,"holderId":18506,"status":"active","name":"Payphone #4203"}},{"type":"Feature","geometry":{"type":"Point","coordinates":[151.266964,-33.784053]},"properties":{"id":4206,"holderId":17967,"status":"active","name":"Payphone #4206"}},{"type":"Feature","geometry":{"type":"Point","coordinates":[150.954952,-33.87135]},"properties":{"id":4218,"holderId":805,"status":"active","name":"Payphone #4218"}},{"type":"Feature","geometry":{"type":"Point","coordinates":[151.0942035419599,-33.872255]},"properties":{"id":4224,"holderId":18428,"status":"active","name":"Payphone #4224"}},{"type":"Feature","geometry":{"type":"Point","coordinates":[151.227025,-33.921339]},"properties":{"id":4226,"holderId":18276,"status":"active","name":"Payphone #4226"}},{"type":"Feature","geometry":{"type":"Point","coordinates":[150.9237684770468,-33.922175]},"properties":{"id":4229,"holderId":7496,"status":"active","name":"Payphone #4229"}},{"type":"Feature","geometry":{"type":"Point","coordinates":[151.20737,-33.864748]},"properties":{"id":4244,"holderId":18428,"status":"active","name":"Payphone #4244"}},{"type":"Feature","geometry":{"type":"Point","coordinates":[150.938567,-33.889972]},"properties":{"id":4255,"holderId":17663,"status":"active","name":"Payphone #4255"}},{"type":"Feature","geometry":{"type":"Point","coordinates":[151.2975323973982,-33.712154]},"properties":{"id":4256,"holderId":18840,"status":"active","name":"Payphone #4256"}},{"type":"Feature","geometry":{"type":"Point","coordinates":[150.942589,-33.761492]},"properties":{"id":4261,"holderId":17663,"status":"active","name":"Payphone #4261"}},{"type":"Feature","geometry":{"type":"Point","coordinates":[151.07037,-33.91376]},"properties":{"id":4269,"holderId":52,"status":"active","name":"Payphone #4269"}},{"type":"Feature","geometry":{"type":"Point","coordinates":[151.202424,-33.930704]},"properties":{"id":4270,"holderId":12307,"status":"active","name":"Payphone #4270"}},{"type":"Feature","geometry":{"type":"Point","coordinates":[150.934802,-33.894877]},"properties":{"id":4272,"holderId":18441,"status":"active","name":"Payphone #4272"}},{"type":"Feature","geometry":{"type":"Point","coordinates":[151.258499,-33.88656]},"properties":{"id":4284,"holderId":5340,"status":"active","name":"Payphone #4284"}},{"type":"Feature","geometry":{"type":"Point","coordinates":[151.222321,-33.874769]},"properties":{"id":4290,"holderId":9584,"status":"active","name":"Payphone #4290"}},{"type":"Feature","geometry":{"type":"Point","coordinates":[151.204028,-33.878308]},"properties":{"id":4301,"holderId":12064,"status":"active","name":"Payphone #4301"}},{"type":"Feature","geometry":{"type":"Point","coordinates":[150.908414,-33.770347]},"properties":{"id":4304,"holderId":17663,"status":"active","name":"Payphone #4304"}},{"type":"Feature","geometry":{"type":"Point","coordinates":[151.072829,-33.979873]},"properties":{"id":4310,"holderId":11233,"status":"active","name":"Payphone #4310"}},{"type":"Feature","geometry":{"type":"Point","coordinates":[150.846722,-33.841288]},"properties":{"id":4325,"holderId":7694,"status":"active","name":"Payphone #4325"}},{"type":"Feature","geometry":{"type":"Point","coordinates":[151.207888,-33.839058]},"properties":{"id":4337,"holderId":18088,"status":"active","name":"Payphone #4337"}},{"type":"Feature","geometry":{"type":"Point","coordinates":[151.360823,-33.5241]},"properties":{"id":4344,"holderId":7415,"status":"active","name":"Payphone #4344"}},{"type":"Feature","geometry":{"type":"Point","coordinates":[150.751618,-33.70829]},"properties":{"id":4346,"holderId":4696,"status":"active","name":"Payphone #4346"}},{"type":"Feature","geometry":{"type":"Point","coordinates":[151.266461,-33.850921]},"properties":{"id":4349,"holderId":12307,"status":"active","name":"Payphone #4349"}},{"type":"Feature","geometry":{"type":"Point","coordinates":[151.209468,-33.876082]},"properties":{"id":4366,"holderId":17615,"status":"active","name":"Payphone #4366"}},{"type":"Feature","geometry":{"type":"Point","coordinates":[151.01347,-34.064766]},"properties":{"id":4372,"holderId":17548,"status":"active","name":"Payphone #4372"}},{"type":"Feature","geometry":{"type":"Point","coordinates":[151.018056,-33.918404]},"properties":{"id":4376,"holderId":12308,"status":"active","name":"Payphone #4376"}},{"type":"Feature","geometry":{"type":"Point","coordinates":[151.204589,-33.871047]},"properties":{"id":4382,"holderId":6553,"status":"active","name":"Payphone #4382"}},{"type":"Feature","geometry":{"type":"Point","coordinates":[151.2106057,-33.8614816]},"properties":{"id":4383,"holderId":18564,"status":"active","name":"Payphone #4383"}},{"type":"Feature","geometry":{"type":"Point","coordinates":[150.956273,-33.869414]},"properties":{"id":4387,"holderId":805,"status":"active","name":"Payphone #4387"}},{"type":"Feature","geometry":{"type":"Point","coordinates":[151.096124,-33.962075]},"properties":{"id":4393,"holderId":11233,"status":"active","name":"Payphone #4393"}},{"type":"Feature","geometry":{"type":"Point","coordinates":[151.10534,-33.86861]},"properties":{"id":4396,"holderId":18429,"status":"active","name":"Payphone #4396"}},{"type":"Feature","geometry":{"type":"Point","coordinates":[150.876596,-33.772383]},"properties":{"id":4412,"holderId":17663,"status":"active","name":"Payphone #4412"}},{"type":"Feature","geometry":{"type":"Point","coordinates":[151.144667,-34.046028]},"properties":{"id":4416,"holderId":16605,"status":"active","name":"Payphone #4416"}},{"type":"Feature","geometry":{"type":"Point","coordinates":[151.151766,-33.884183]},"properties":{"id":4417,"holderId":18439,"status":"active","name":"Payphone #4417"}},{"type":"Feature","geometry":{"type":"Point","coordinates":[151.033237,-33.850042]},"properties":{"id":4420,"holderId":3290,"status":"active","name":"Payphone #4420"}},{"type":"Feature","geometry":{"type":"Point","coordinates":[151.27977,-33.76267]},"properties":{"id":4423,"holderId":9819,"status":"active","name":"Payphone #4423"}},{"type":"Feature","geometry":{"type":"Point","coordinates":[150.864078,-33.949684]},"properties":{"id":4425,"holderId":4870,"status":"active","name":"Payphone #4425"}},{"type":"Feature","geometry":{"type":"Point","coordinates":[151.20836,-33.87298]},"properties":{"id":4426,"holderId":930,"status":"active","name":"Payphone #4426"}},{"type":"Feature","geometry":{"type":"Point","coordinates":[151.2866775701681,-33.79794]},"properties":{"id":4428,"holderId":4213,"status":"active","name":"Payphone #4428"}},{"type":"Feature","geometry":{"type":"Point","coordinates":[150.504803,-33.715103]},"properties":{"id":4436,"holderId":6240,"status":"active","name":"Payphone #4436"}},{"type":"Feature","geometry":{"type":"Point","coordinates":[151.08864576228908,-33.917935338808945]},"properties":{"id":4443,"holderId":52,"status":"active","name":"Payphone #4443"}},{"type":"Feature","geometry":{"type":"Point","coordinates":[150.894712,-33.991171]},"properties":{"id":4450,"holderId":4870,"status":"active","name":"Payphone #4450"}},{"type":"Feature","geometry":{"type":"Point","coordinates":[151.121467,-33.878599]},"properties":{"id":4470,"holderId":13814,"status":"active","name":"Payphone #4470"}},{"type":"Feature","geometry":{"type":"Point","coordinates":[150.906036,-33.691486]},"properties":{"id":4475,"holderId":17835,"status":"active","name":"Payphone #4475"}},{"type":"Feature","geometry":{"type":"Point","coordinates":[151.031487,-33.880372]},"properties":{"id":4483,"holderId":7496,"status":"active","name":"Payphone #4483"}},{"type":"Feature","geometry":{"type":"Point","coordinates":[151.148103,-33.937538]},"properties":{"id":4486,"holderId":18822,"status":"active","name":"Payphone #4486"}},{"type":"Feature","geometry":{"type":"Point","coordinates":[150.8205434186582,-33.768427]},"properties":{"id":4492,"holderId":17663,"status":"active","name":"Payphone #4492"}},{"type":"Feature","geometry":{"type":"Point","coordinates":[151.214619,-33.873937]},"properties":{"id":4493,"holderId":18564,"status":"active","name":"Payphone #4493"}},{"type":"Feature","geometry":{"type":"Point","coordinates":[151.004714,-33.812546]},"properties":{"id":4494,"holderId":13403,"status":"active","name":"Payphone #4494"}},{"type":"Feature","geometry":{"type":"Point","coordinates":[151.152709,-34.051148]},"properties":{"id":4496,"holderId":1257,"status":"active","name":"Payphone #4496"}},{"type":"Feature","geometry":{"type":"Point","coordinates":[150.92795,-33.894008]},"properties":{"id":4501,"holderId":17663,"status":"active","name":"Payphone #4501"}},{"type":"Feature","geometry":{"type":"Point","coordinates":[151.08154,-34.03146]},"properties":{"id":4506,"holderId":17548,"status":"active","name":"Payphone #4506"}},{"type":"Feature","geometry":{"type":"Point","coordinates":[151.102422,-34.036258]},"properties":{"id":4514,"holderId":17867,"status":"active","name":"Payphone #4514"}},{"type":"Feature","geometry":{"type":"Point","coordinates":[151.268827,-33.553935]},"properties":{"id":4527,"holderId":12795,"status":"active","name":"Payphone #4527"}},{"type":"Feature","geometry":{"type":"Point","coordinates":[151.007835,-33.87815]},"properties":{"id":4529,"holderId":12308,"status":"active","name":"Payphone #4529"}},{"type":"Feature","geometry":{"type":"Point","coordinates":[151.12746,-33.88397]},"properties":{"id":4530,"holderId":6232,"status":"active","name":"Payphone #4530"}},{"type":"Feature","geometry":{"type":"Point","coordinates":[150.88325,-33.99039]},"properties":{"id":4544,"holderId":4870,"status":"active","name":"Payphone #4544"}},{"type":"Feature","geometry":{"type":"Point","coordinates":[151.2150887,-33.8751715]},"properties":{"id":4573,"holderId":51,"status":"active","name":"Payphone #4573"}},{"type":"Feature","geometry":{"type":"Point","coordinates":[151.20599846189933,-33.882401]},"properties":{"id":4576,"holderId":18055,"status":"active","name":"Payphone #4576"}},{"type":"Feature","geometry":{"type":"Point","coordinates":[151.259412,-33.889975]},"properties":{"id":4592,"holderId":5340,"status":"active","name":"Payphone #4592"}},{"type":"Feature","geometry":{"type":"Point","coordinates":[151.20357146236694,-33.88363]},"properties":{"id":4601,"holderId":4870,"status":"active","name":"Payphone #4601"}},{"type":"Feature","geometry":{"type":"Point","coordinates":[150.96959,-33.772842]},"properties":{"id":4603,"holderId":7966,"status":"active","name":"Payphone #4603"}},{"type":"Feature","geometry":{"type":"Point","coordinates":[151.09435,-33.871768]},"properties":{"id":4607,"holderId":18428,"status":"active","name":"Payphone #4607"}},{"type":"Feature","geometry":{"type":"Point","coordinates":[151.3525,-33.47555]},"properties":{"id":4616,"holderId":5355,"status":"active","name":"Payphone #4616"}},{"type":"Feature","geometry":{"type":"Point","coordinates":[150.826412,-33.726145]},"properties":{"id":4621,"holderId":4696,"status":"active","name":"Payphone #4621"}},{"type":"Feature","geometry":{"type":"Point","coordinates":[151.103725,-33.91084]},"properties":{"id":4625,"holderId":18307,"status":"active","name":"Payphone #4625"}},{"type":"Feature","geometry":{"type":"Point","coordinates":[150.955429,-33.802491]},"properties":{"id":4631,"holderId":17663,"status":"active","name":"Payphone #4631"}},{"type":"Feature","geometry":{"type":"Point","coordinates":[151.207597,-33.874408]},"properties":{"id":4635,"holderId":18822,"status":"active","name":"Payphone #4635"}},{"type":"Feature","geometry":{"type":"Point","coordinates":[150.888539,-33.439005]},"properties":{"id":4637,"holderId":17170,"status":"active","name":"Payphone #4637"}},{"type":"Feature","geometry":{"type":"Point","coordinates":[151.026345,-33.770189]},"properties":{"id":4641,"holderId":6547,"status":"active","name":"Payphone #4641"}},{"type":"Feature","geometry":{"type":"Point","coordinates":[151.08736,-33.847844]},"properties":{"id":4645,"holderId":18822,"status":"active","name":"Payphone #4645"}},{"type":"Feature","geometry":{"type":"Point","coordinates":[151.239194,-33.918964]},"properties":{"id":4650,"holderId":920,"status":"active","name":"Payphone #4650"}},{"type":"Feature","geometry":{"type":"Point","coordinates":[151.19911,-33.895424]},"properties":{"id":4656,"holderId":18747,"status":"active","name":"Payphone #4656"}},{"type":"Feature","geometry":{"type":"Point","coordinates":[150.820054,-33.769658]},"properties":{"id":4671,"holderId":17663,"status":"active","name":"Payphone #4671"}},{"type":"Feature","geometry":{"type":"Point","coordinates":[151.272897,-33.892502]},"properties":{"id":4683,"holderId":6643,"status":"active","name":"Payphone #4683"}},{"type":"Feature","geometry":{"type":"Point","coordinates":[151.220817,-33.883408]},"properties":{"id":4689,"holderId":10143,"status":"active","name":"Payphone #4689"}},{"type":"Feature","geometry":{"type":"Point","coordinates":[151.150665,-33.952292]},"properties":{"id":4691,"holderId":4870,"status":"active","name":"Payphone #4691"}},{"type":"Feature","geometry":{"type":"Point","coordinates":[151.20574,-33.87748]},"properties":{"id":4700,"holderId":18055,"status":"active","name":"Payphone #4700"}},{"type":"Feature","geometry":{"type":"Point","coordinates":[150.906869,-33.76918405066475]},"properties":{"id":4703,"holderId":14722,"status":"active","name":"Payphone #4703"}},{"type":"Feature","geometry":{"type":"Point","coordinates":[151.00391,-33.81372]},"properties":{"id":4706,"holderId":13403,"status":"active","name":"Payphone #4706"}},{"type":"Feature","geometry":{"type":"Point","coordinates":[151.07438,-33.91411]},"properties":{"id":4715,"holderId":52,"status":"active","name":"Payphone #4715"}},{"type":"Feature","geometry":{"type":"Point","coordinates":[151.016144,-33.823284]},"properties":{"id":4726,"holderId":6891,"status":"active","name":"Payphone #4726"}},{"type":"Feature","geometry":{"type":"Point","coordinates":[151.10443047349358,-33.912852]},"properties":{"id":4736,"holderId":52,"status":"active","name":"Payphone #4736"}},{"type":"Feature","geometry":{"type":"Point","coordinates":[151.171924,-33.899302]},"properties":{"id":4737,"holderId":887,"status":"active","name":"Payphone #4737"}},{"type":"Feature","geometry":{"type":"Point","coordinates":[150.931702,-33.912221]},"properties":{"id":4754,"holderId":4870,"status":"active","name":"Payphone #4754"}},{"type":"Feature","geometry":{"type":"Point","coordinates":[150.89322,-33.972064]},"properties":{"id":4757,"holderId":4870,"status":"active","name":"Payphone #4757"}},{"type":"Feature","geometry":{"type":"Point","coordinates":[151.09737,-33.87598]},"properties":{"id":4770,"holderId":12066,"status":"active","name":"Payphone #4770"}},{"type":"Feature","geometry":{"type":"Point","coordinates":[151.204313,-33.879411]},"properties":{"id":4771,"holderId":18055,"status":"active","name":"Payphone #4771"}},{"type":"Feature","geometry":{"type":"Point","coordinates":[151.185021,-33.807986]},"properties":{"id":4778,"holderId":18974,"status":"active","name":"Payphone #4778"}},{"type":"Feature","geometry":{"type":"Point","coordinates":[151.244045,-33.829982]},"properties":{"id":4782,"holderId":3412,"status":"active","name":"Payphone #4782"}},{"type":"Feature","geometry":{"type":"Point","coordinates":[151.20168,-33.873039]},"properties":{"id":4784,"holderId":16187,"status":"active","name":"Payphone #4784"}},{"type":"Feature","geometry":{"type":"Point","coordinates":[151.204804,-33.878253]},"properties":{"id":4785,"holderId":14295,"status":"active","name":"Payphone #4785"}},{"type":"Feature","geometry":{"type":"Point","coordinates":[150.86897553050287,-33.902361]},"properties":{"id":4793,"holderId":4870,"status":"active","name":"Payphone #4793"}},{"type":"Feature","geometry":{"type":"Point","coordinates":[150.849683,-33.780225]},"properties":{"id":4794,"holderId":17663,"status":"active","name":"Payphone #4794"}},{"type":"Feature","geometry":{"type":"Point","coordinates":[151.02832,-33.682298]},"properties":{"id":4795,"holderId":6547,"status":"active","name":"Payphone #4795"}},{"type":"Feature","geometry":{"type":"Point","coordinates":[151.20256746795187,-33.898303]},"properties":{"id":4798,"holderId":16253,"status":"active","name":"Payphone #4798"}},{"type":"Feature","geometry":{"type":"Point","coordinates":[151.204898,-33.870776]},"properties":{"id":4804,"holderId":6553,"status":"active","name":"Payphone #4804"}},{"type":"Feature","geometry":{"type":"Point","coordinates":[151.08122,-33.97074]},"properties":{"id":4813,"holderId":11233,"status":"active","name":"Payphone #4813"}},{"type":"Feature","geometry":{"type":"Point","coordinates":[151.154084,-33.756099]},"properties":{"id":4815,"holderId":14870,"status":"active","name":"Payphone #4815"}},{"type":"Feature","geometry":{"type":"Point","coordinates":[150.99224244452867,-33.836693]},"properties":{"id":4829,"holderId":6232,"status":"active","name":"Payphone #4829"}},{"type":"Feature","geometry":{"type":"Point","coordinates":[151.06877247725456,-33.92272]},"properties":{"id":4837,"holderId":11233,"status":"active","name":"Payphone #4837"}},{"type":"Feature","geometry":{"type":"Point","coordinates":[151.177244,-33.886457]},"properties":{"id":4840,"holderId":2031,"status":"active","name":"Payphone #4840"}},{"type":"Feature","geometry":{"type":"Point","coordinates":[151.08522848060463,-34.03296]},"properties":{"id":4884,"holderId":18565,"status":"active","name":"Payphone #4884"}},{"type":"Feature","geometry":{"type":"Point","coordinates":[151.137938,-33.951529]},"properties":{"id":4888,"holderId":18335,"status":"active","name":"Payphone #4888"}},{"type":"Feature","geometry":{"type":"Point","coordinates":[151.230987,-33.957581]},"properties":{"id":4891,"holderId":18276,"status":"active","name":"Payphone #4891"}},{"type":"Feature","geometry":{"type":"Point","coordinates":[151.205413,-33.876278]},"properties":{"id":4892,"holderId":12064,"status":"active","name":"Payphone #4892"}},{"type":"Feature","geometry":{"type":"Point","coordinates":[151.21095845632524,-33.867745]},"properties":{"id":4893,"holderId":15802,"status":"active","name":"Payphone #4893"}},{"type":"Feature","geometry":{"type":"Point","coordinates":[151.263654,-33.906118]},"properties":{"id":4894,"holderId":6643,"status":"active","name":"Payphone #4894"}},{"type":"Feature","geometry":{"type":"Point","coordinates":[150.900003,-33.948225]},"properties":{"id":4928,"holderId":4870,"status":"active","name":"Payphone #4928"}},{"type":"Feature","geometry":{"type":"Point","coordinates":[150.957284,-33.872931]},"properties":{"id":4938,"holderId":805,"status":"active","name":"Payphone #4938"}},{"type":"Feature","geometry":{"type":"Point","coordinates":[151.324552,-33.484339]},"properties":{"id":4957,"holderId":9097,"status":"active","name":"Payphone #4957"}},{"type":"Feature","geometry":{"type":"Point","coordinates":[151.21263,-33.877033]},"properties":{"id":4961,"holderId":18822,"status":"active","name":"Payphone #4961"}},{"type":"Feature","geometry":{"type":"Point","coordinates":[151.232225,-33.987891]},"properties":{"id":4977,"holderId":17170,"status":"active","name":"Payphone #4977"}},{"type":"Feature","geometry":{"type":"Point","coordinates":[150.9849,-33.839494]},"properties":{"id":4992,"holderId":6232,"status":"active","name":"Payphone #4992"}},{"type":"Feature","geometry":{"type":"Point","coordinates":[151.221441,-33.875099]},"properties":{"id":4996,"holderId":7815,"status":"active","name":"Payphone #4996"}},{"type":"Feature","geometry":{"type":"Point","coordinates":[150.988024,-33.803979]},"properties":{"id":5004,"holderId":1903,"status":"active","name":"Payphone #5004"}},{"type":"Feature","geometry":{"type":"Point","coordinates":[150.82522,-34.06564]},"properties":{"id":5006,"holderId":12308,"status":"active","name":"Payphone #5006"}},{"type":"Feature","geometry":{"type":"Point","coordinates":[151.18529,-33.8778]},"properties":{"id":5016,"holderId":6704,"status":"active","name":"Payphone #5016"}},{"type":"Feature","geometry":{"type":"Point","coordinates":[151.10386152595464,-33.9143]},"properties":{"id":5020,"holderId":805,"status":"active","name":"Payphone #5020"}},{"type":"Feature","geometry":{"type":"Point","coordinates":[150.985352,-33.812869]},"properties":{"id":5025,"holderId":3290,"status":"active","name":"Payphone #5025"}},{"type":"Feature","geometry":{"type":"Point","coordinates":[151.2100556,-33.8710091]},"properties":{"id":5027,"holderId":6553,"status":"active","name":"Payphone #5027"}},{"type":"Feature","geometry":{"type":"Point","coordinates":[151.20835246256857,-33.88416]},"properties":{"id":5040,"holderId":4870,"status":"active","name":"Payphone #5040"}},{"type":"Feature","geometry":{"type":"Point","coordinates":[151.067655,-33.849343]},"properties":{"id":5045,"holderId":7815,"status":"active","name":"Payphone #5045"}},{"type":"Feature","geometry":{"type":"Point","coordinates":[151.202751,-33.889313]},"properties":{"id":5046,"holderId":51,"status":"active","name":"Payphone #5046"}},{"type":"Feature","geometry":{"type":"Point","coordinates":[151.18238,-33.88902]},"properties":{"id":5048,"holderId":6232,"status":"active","name":"Payphone #5048"}},{"type":"Feature","geometry":{"type":"Point","coordinates":[151.297778,-33.718024]},"properties":{"id":5053,"holderId":17926,"status":"active","name":"Payphone #5053"}},{"type":"Feature","geometry":{"type":"Point","coordinates":[151.125643,-33.887884]},"properties":{"id":5059,"holderId":13814,"status":"active","name":"Payphone #5059"}},{"type":"Feature","geometry":{"type":"Point","coordinates":[151.011167,-33.82028]},"properties":{"id":5071,"holderId":6891,"status":"active","name":"Payphone #5071"}},{"type":"Feature","geometry":{"type":"Point","coordinates":[151.207355,-33.863329]},"properties":{"id":5079,"holderId":12064,"status":"active","name":"Payphone #5079"}},{"type":"Feature","geometry":{"type":"Point","coordinates":[151.209882,-33.876677]},"properties":{"id":5080,"holderId":18888,"status":"active","name":"Payphone #5080"}},{"type":"Feature","geometry":{"type":"Point","coordinates":[151.215194,-33.942021]},"properties":{"id":5123,"holderId":12307,"status":"active","name":"Payphone #5123"}},{"type":"Feature","geometry":{"type":"Point","coordinates":[150.998455,-33.954406]},"properties":{"id":5132,"holderId":15802,"status":"active","name":"Payphone #5132"}},{"type":"Feature","geometry":{"type":"Point","coordinates":[150.655055,-33.743092]},"properties":{"id":5139,"holderId":6240,"status":"active","name":"Payphone #5139"}},{"type":"Feature","geometry":{"type":"Point","coordinates":[150.862217,-33.678915]},"properties":{"id":5140,"holderId":6547,"status":"active","name":"Payphone #5140"}},{"type":"Feature","geometry":{"type":"Point","coordinates":[150.820734,-33.780252]},"properties":{"id":5142,"holderId":17663,"status":"active","name":"Payphone #5142"}},{"type":"Feature","geometry":{"type":"Point","coordinates":[151.122417,-33.891792]},"properties":{"id":5149,"holderId":13814,"status":"active","name":"Payphone #5149"}},{"type":"Feature","geometry":{"type":"Point","coordinates":[151.207028,-33.868473]},"properties":{"id":5151,"holderId":12935,"status":"active","name":"Payphone #5151"}},{"type":"Feature","geometry":{"type":"Point","coordinates":[151.015589,-33.825821]},"properties":{"id":5155,"holderId":6891,"status":"active","name":"Payphone #5155"}},{"type":"Feature","geometry":{"type":"Point","coordinates":[150.81357,-33.76904]},"properties":{"id":5156,"holderId":7694,"status":"active","name":"Payphone #5156"}},{"type":"Feature","geometry":{"type":"Point","coordinates":[151.208607,-33.866809]},"properties":{"id":5164,"holderId":18531,"status":"active","name":"Payphone #5164"}},{"type":"Feature","geometry":{"type":"Point","coordinates":[151.212863,-33.846291]},"properties":{"id":5167,"holderId":19011,"status":"active","name":"Payphone #5167"}},{"type":"Feature","geometry":{"type":"Point","coordinates":[151.257744,-33.91891]},"properties":{"id":5173,"holderId":6643,"status":"active","name":"Payphone #5173"}},{"type":"Feature","geometry":{"type":"Point","coordinates":[151.211493,-33.879458]},"properties":{"id":5185,"holderId":17368,"status":"active","name":"Payphone #5185"}},{"type":"Feature","geometry":{"type":"Point","coordinates":[151.01186,-33.884679]},"properties":{"id":5190,"holderId":12308,"status":"active","name":"Payphone #5190"}},{"type":"Feature","geometry":{"type":"Point","coordinates":[151.272962,-33.886404]},"properties":{"id":5194,"holderId":6643,"status":"active","name":"Payphone #5194"}},{"type":"Feature","geometry":{"type":"Point","coordinates":[151.296244,-33.753792]},"properties":{"id":5196,"holderId":18826,"status":"active","name":"Payphone #5196"}},{"type":"Feature","geometry":{"type":"Point","coordinates":[151.045303,-33.7956]},"properties":{"id":5200,"holderId":17902,"status":"active","name":"Payphone #5200"}},{"type":"Feature","geometry":{"type":"Point","coordinates":[151.246888,-33.962687]},"properties":{"id":5205,"holderId":51,"status":"active","name":"Payphone #5205"}},{"type":"Feature","geometry":{"type":"Point","coordinates":[151.17633,-33.891697]},"properties":{"id":5222,"holderId":18275,"status":"active","name":"Payphone #5222"}},{"type":"Feature","geometry":{"type":"Point","coordinates":[151.270473,-33.775034]},"properties":{"id":5224,"holderId":9819,"status":"active","name":"Payphone #5224"}},{"type":"Feature","geometry":{"type":"Point","coordinates":[150.920075,-33.76479]},"properties":{"id":5225,"holderId":17663,"status":"active","name":"Payphone #5225"}},{"type":"Feature","geometry":{"type":"Point","coordinates":[151.025764,-33.907389]},"properties":{"id":5229,"holderId":12308,"status":"active","name":"Payphone #5229"}},{"type":"Feature","geometry":{"type":"Point","coordinates":[151.08264,-33.771867]},"properties":{"id":5232,"holderId":17882,"status":"active","name":"Payphone #5232"}},{"type":"Feature","geometry":{"type":"Point","coordinates":[151.21412,-33.762023]},"properties":{"id":5238,"holderId":15226,"status":"active","name":"Payphone #5238"}},{"type":"Feature","geometry":{"type":"Point","coordinates":[151.287268,-33.753747]},"properties":{"id":5246,"holderId":9737,"status":"active","name":"Payphone #5246"}},{"type":"Feature","geometry":{"type":"Point","coordinates":[151.11513049536066,-33.970159]},"properties":{"id":5247,"holderId":12307,"status":"active","name":"Payphone #5247"}},{"type":"Feature","geometry":{"type":"Point","coordinates":[150.935426,-33.713009]},"properties":{"id":5262,"holderId":7694,"status":"active","name":"Payphone #5262"}},{"type":"Feature","geometry":{"type":"Point","coordinates":[151.154766,-33.850997]},"properties":{"id":5267,"holderId":4974,"status":"active","name":"Payphone #5267"}},{"type":"Feature","geometry":{"type":"Point","coordinates":[151.03395447549656,-33.918108]},"properties":{"id":5272,"holderId":4213,"status":"active","name":"Payphone #5272"}},{"type":"Feature","geometry":{"type":"Point","coordinates":[151.2221,-33.87452]},"properties":{"id":5274,"holderId":7815,"status":"active","name":"Payphone #5274"}},{"type":"Feature","geometry":{"type":"Point","coordinates":[151.103275,-33.8572]},"properties":{"id":5275,"holderId":18429,"status":"active","name":"Payphone #5275"}},{"type":"Feature","geometry":{"type":"Point","coordinates":[151.198479,-33.902303]},"properties":{"id":5279,"holderId":16253,"status":"active","name":"Payphone #5279"}},{"type":"Feature","geometry":{"type":"Point","coordinates":[151.114408,-34.031261]},"properties":{"id":5281,"holderId":18565,"status":"active","name":"Payphone #5281"}},{"type":"Feature","geometry":{"type":"Point","coordinates":[151.13895,-33.95251]},"properties":{"id":5290,"holderId":18335,"status":"active","name":"Payphone #5290"}},{"type":"Feature","geometry":{"type":"Point","coordinates":[151.20915,-33.87994]},"properties":{"id":5291,"holderId":18055,"status":"active","name":"Payphone #5291"}},{"type":"Feature","geometry":{"type":"Point","coordinates":[151.207241,-33.884641]},"properties":{"id":5294,"holderId":18055,"status":"active","name":"Payphone #5294"}},{"type":"Feature","geometry":{"type":"Point","coordinates":[151.056353,-34.031733]},"properties":{"id":5295,"holderId":14867,"status":"active","name":"Payphone #5295"}},{"type":"Feature","geometry":{"type":"Point","coordinates":[151.081583,-33.772824]},"properties":{"id":5299,"holderId":17882,"status":"active","name":"Payphone #5299"}},{"type":"Feature","geometry":{"type":"Point","coordinates":[150.564554,-33.698737]},"properties":{"id":5305,"holderId":12688,"status":"active","name":"Payphone #5305"}},{"type":"Feature","geometry":{"type":"Point","coordinates":[151.007209,-33.731701]},"properties":{"id":5306,"holderId":930,"status":"active","name":"Payphone #5306"}},{"type":"Feature","geometry":{"type":"Point","coordinates":[151.076065,-33.940486]},"properties":{"id":5311,"holderId":11233,"status":"active","name":"Payphone #5311"}},{"type":"Feature","geometry":{"type":"Point","coordinates":[151.146912,-33.936617]},"properties":{"id":5314,"holderId":18822,"status":"active","name":"Payphone #5314"}},{"type":"Feature","geometry":{"type":"Point","coordinates":[151.228262,-33.871999]},"properties":{"id":5322,"holderId":51,"status":"active","name":"Payphone #5322"}},{"type":"Feature","geometry":{"type":"Point","coordinates":[151.151729,-33.815829]},"properties":{"id":5343,"holderId":18865,"status":"active","name":"Payphone #5343"}},{"type":"Feature","geometry":{"type":"Point","coordinates":[151.167832,-33.86534]},"properties":{"id":5348,"holderId":6232,"status":"active","name":"Payphone #5348"}},{"type":"Feature","geometry":{"type":"Point","coordinates":[151.235823,-33.879256]},"properties":{"id":5349,"holderId":833,"status":"active","name":"Payphone #5349"}},{"type":"Feature","geometry":{"type":"Point","coordinates":[151.03388952450342,-33.918108]},"properties":{"id":5351,"holderId":4213,"status":"active","name":"Payphone #5351"}},{"type":"Feature","geometry":{"type":"Point","coordinates":[151.149961,-33.884088]},"properties":{"id":5352,"holderId":18439,"status":"active","name":"Payphone #5352"}},{"type":"Feature","geometry":{"type":"Point","coordinates":[150.978253,-33.795938]},"properties":{"id":5354,"holderId":6547,"status":"active","name":"Payphone #5354"}},{"type":"Feature","geometry":{"type":"Point","coordinates":[151.2038,-33.861211]},"properties":{"id":5365,"holderId":17553,"status":"active","name":"Payphone #5365"}},{"type":"Feature","geometry":{"type":"Point","coordinates":[151.047141,-33.854802]},"properties":{"id":5374,"holderId":3290,"status":"active","name":"Payphone #5374"}},{"type":"Feature","geometry":{"type":"Point","coordinates":[151.229301,-33.94032]},"properties":{"id":5382,"holderId":12785,"status":"active","name":"Payphone #5382"}},{"type":"Feature","geometry":{"type":"Point","coordinates":[151.15263052711558,-34.053091]},"properties":{"id":5385,"holderId":14106,"status":"active","name":"Payphone #5385"}},{"type":"Feature","geometry":{"type":"Point","coordinates":[151.206021,-33.868778]},"properties":{"id":5395,"holderId":6553,"status":"active","name":"Payphone #5395"}},{"type":"Feature","geometry":{"type":"Point","coordinates":[151.09972,-33.90929]},"properties":{"id":5405,"holderId":18307,"status":"active","name":"Payphone #5405"}},{"type":"Feature","geometry":{"type":"Point","coordinates":[150.914973,-33.88739]},"properties":{"id":5406,"holderId":17663,"status":"active","name":"Payphone #5406"}},{"type":"Feature","geometry":{"type":"Point","coordinates":[151.113156,-33.927056]},"properties":{"id":5418,"holderId":11233,"status":"active","name":"Payphone #5418"}},{"type":"Feature","geometry":{"type":"Point","coordinates":[151.042606,-33.812228]},"properties":{"id":5426,"holderId":6232,"status":"active","name":"Payphone #5426"}},{"type":"Feature","geometry":{"type":"Point","coordinates":[150.938698,-33.862922]},"properties":{"id":5428,"holderId":12772,"status":"active","name":"Payphone #5428"}},{"type":"Feature","geometry":{"type":"Point","coordinates":[150.995761,-33.789086]},"properties":{"id":5435,"holderId":6547,"status":"active","name":"Payphone #5435"}},{"type":"Feature","geometry":{"type":"Point","coordinates":[150.812055,-33.932737]},"properties":{"id":5439,"holderId":4870,"status":"active","name":"Payphone #5439"}},{"type":"Feature","geometry":{"type":"Point","coordinates":[151.026582,-33.871019]},"properties":{"id":5440,"holderId":12308,"status":"active","name":"Payphone #5440"}},{"type":"Feature","geometry":{"type":"Point","coordinates":[151.20709754156707,-33.873288]},"properties":{"id":5441,"holderId":930,"status":"active","name":"Payphone #5441"}},{"type":"Feature","geometry":{"type":"Point","coordinates":[150.91007558042395,-33.770853]},"properties":{"id":5454,"holderId":17663,"status":"active","name":"Payphone #5454"}},{"type":"Feature","geometry":{"type":"Point","coordinates":[151.136704,-33.952306]},"properties":{"id":5463,"holderId":2323,"status":"active","name":"Payphone #5463"}},{"type":"Feature","geometry":{"type":"Point","coordinates":[151.206114,-33.88952]},"properties":{"id":5466,"holderId":7090,"status":"active","name":"Payphone #5466"}},{"type":"Feature","geometry":{"type":"Point","coordinates":[150.952594,-33.888847]},"properties":{"id":5468,"holderId":14106,"status":"active","name":"Payphone #5468"}},{"type":"Feature","geometry":{"type":"Point","coordinates":[151.08019549542487,-33.970327]},"properties":{"id":5470,"holderId":18747,"status":"active","name":"Payphone #5470"}},{"type":"Feature","geometry":{"type":"Point","coordinates":[151.0659204870235,-34.016207]},"properties":{"id":5472,"holderId":13421,"status":"active","name":"Payphone #5472"}},{"type":"Feature","geometry":{"type":"Point","coordinates":[150.93412,-33.892156]},"properties":{"id":5473,"holderId":12772,"status":"active","name":"Payphone #5473"}},{"type":"Feature","geometry":{"type":"Point","coordinates":[151.038442,-33.871911]},"properties":{"id":5495,"holderId":12308,"status":"active","name":"Payphone #5495"}},{"type":"Feature","geometry":{"type":"Point","coordinates":[150.832305,-34.021183]},"properties":{"id":5497,"holderId":17588,"status":"active","name":"Payphone #5497"}},{"type":"Feature","geometry":{"type":"Point","coordinates":[151.204499,-33.843627]},"properties":{"id":5517,"holderId":5340,"status":"active","name":"Payphone #5517"}},{"type":"Feature","geometry":{"type":"Point","coordinates":[151.243255,-33.877244]},"properties":{"id":5525,"holderId":14106,"status":"active","name":"Payphone #5525"}},{"type":"Feature","geometry":{"type":"Point","coordinates":[151.320932,-33.654832]},"properties":{"id":5526,"holderId":18826,"status":"active","name":"Payphone #5526"}},{"type":"Feature","geometry":{"type":"Point","coordinates":[151.213071,-33.873902]},"properties":{"id":5533,"holderId":7496,"status":"active","name":"Payphone #5533"}},{"type":"Feature","geometry":{"type":"Point","coordinates":[151.032952,-33.849906]},"properties":{"id":5537,"holderId":12308,"status":"active","name":"Payphone #5537"}},{"type":"Feature","geometry":{"type":"Point","coordinates":[151.240561,-33.915747]},"properties":{"id":5546,"holderId":17835,"status":"active","name":"Payphone #5546"}},{"type":"Feature","geometry":{"type":"Point","coordinates":[151.279251,-33.772666]},"properties":{"id":5550,"holderId":6396,"status":"active","name":"Payphone #5550"}},{"type":"Feature","geometry":{"type":"Point","coordinates":[150.8107725332259,-34.06901]},"properties":{"id":5553,"holderId":13543,"status":"active","name":"Payphone #5553"}},{"type":"Feature","geometry":{"type":"Point","coordinates":[151.1036414732063,-33.912098]},"properties":{"id":5554,"holderId":18307,"status":"active","name":"Payphone #5554"}},{"type":"Feature","geometry":{"type":"Point","coordinates":[151.032488,-33.853564]},"properties":{"id":5564,"holderId":3290,"status":"active","name":"Payphone #5564"}},{"type":"Feature","geometry":{"type":"Point","coordinates":[150.673774,-33.746673]},"properties":{"id":5567,"holderId":7694,"status":"active","name":"Payphone #5567"}},{"type":"Feature","geometry":{"type":"Point","coordinates":[151.198793,-33.870285]},"properties":{"id":5571,"holderId":16187,"status":"active","name":"Payphone #5571"}},{"type":"Feature","geometry":{"type":"Point","coordinates":[151.031838,-33.85038]},"properties":{"id":5579,"holderId":12308,"status":"active","name":"Payphone #5579"}},{"type":"Feature","geometry":{"type":"Point","coordinates":[151.093655,-33.873887]},"properties":{"id":5594,"holderId":18428,"status":"active","name":"Payphone #5594"}},{"type":"Feature","geometry":{"type":"Point","coordinates":[150.750729,-33.596807]},"properties":{"id":5601,"holderId":17170,"status":"active","name":"Payphone #5601"}},{"type":"Feature","geometry":{"type":"Point","coordinates":[151.223595,-33.874538]},"properties":{"id":5605,"holderId":12922,"status":"active","name":"Payphone #5605"}},{"type":"Feature","geometry":{"type":"Point","coordinates":[151.012844,-34.065921]},"properties":{"id":5606,"holderId":17548,"status":"active","name":"Payphone #5606"}},{"type":"Feature","geometry":{"type":"Point","coordinates":[151.225503,-33.869031]},"properties":{"id":5620,"holderId":12922,"status":"active","name":"Payphone #5620"}},{"type":"Feature","geometry":{"type":"Point","coordinates":[151.23637376960977,-33.87943666119106]},"properties":{"id":5623,"holderId":833,"status":"active","name":"Payphone #5623"}},{"type":"Feature","geometry":{"type":"Point","coordinates":[151.107126,-33.816636]},"properties":{"id":5632,"holderId":2618,"status":"active","name":"Payphone #5632"}},{"type":"Feature","geometry":{"type":"Point","coordinates":[151.296302,-33.707875]},"properties":{"id":5635,"holderId":17926,"status":"active","name":"Payphone #5635"}},{"type":"Feature","geometry":{"type":"Point","coordinates":[151.117183,-33.718225]},"properties":{"id":5644,"holderId":18051,"status":"active","name":"Payphone #5644"}},{"type":"Feature","geometry":{"type":"Point","coordinates":[151.297146,-33.713515]},"properties":{"id":5647,"holderId":14611,"status":"active","name":"Payphone #5647"}},{"type":"Feature","geometry":{"type":"Point","coordinates":[151.09469454225766,-33.871472]},"properties":{"id":5655,"holderId":18428,"status":"active","name":"Payphone #5655"}},{"type":"Feature","geometry":{"type":"Point","coordinates":[151.162274,-33.76554]},"properties":{"id":5662,"holderId":14870,"status":"active","name":"Payphone #5662"}},{"type":"Feature","geometry":{"type":"Point","coordinates":[151.239515,-33.925734]},"properties":{"id":5697,"holderId":18276,"status":"active","name":"Payphone #5697"}},{"type":"Feature","geometry":{"type":"Point","coordinates":[151.254209,-33.911303]},"properties":{"id":5723,"holderId":6643,"status":"active","name":"Payphone #5723"}},{"type":"Feature","geometry":{"type":"Point","coordinates":[151.113467,-33.811902]},"properties":{"id":5725,"holderId":2618,"status":"active","name":"Payphone #5725"}},{"type":"Feature","geometry":{"type":"Point","coordinates":[151.120278,-33.777683]},"properties":{"id":5729,"holderId":13403,"status":"active","name":"Payphone #5729"}},{"type":"Feature","geometry":{"type":"Point","coordinates":[151.206759,-33.876416]},"properties":{"id":5730,"holderId":7815,"status":"active","name":"Payphone #5730"}},{"type":"Feature","geometry":{"type":"Point","coordinates":[151.223884,-33.83186]},"properties":{"id":5738,"holderId":17553,"status":"active","name":"Payphone #5738"}},{"type":"Feature","geometry":{"type":"Point","coordinates":[151.256687,-33.946367]},"properties":{"id":5747,"holderId":14971,"status":"active","name":"Payphone #5747"}},{"type":"Feature","geometry":{"type":"Point","coordinates":[151.20048946133284,-33.880912]},"properties":{"id":5749,"holderId":9737,"status":"active","name":"Payphone #5749"}},{"type":"Feature","geometry":{"type":"Point","coordinates":[151.33502,-33.51065]},"properties":{"id":5752,"holderId":9097,"status":"active","name":"Payphone #5752"}},{"type":"Feature","geometry":{"type":"Point","coordinates":[151.32885,-33.49661]},"properties":{"id":5758,"holderId":15128,"status":"active","name":"Payphone #5758"}},{"type":"Feature","geometry":{"type":"Point","coordinates":[151.254511,-33.902099]},"properties":{"id":5769,"holderId":6643,"status":"active","name":"Payphone #5769"}},{"type":"Feature","geometry":{"type":"Point","coordinates":[151.209608,-33.87515]},"properties":{"id":5783,"holderId":17615,"status":"active","name":"Payphone #5783"}},{"type":"Feature","geometry":{"type":"Point","coordinates":[151.032815,-33.851603]},"properties":{"id":5784,"holderId":12308,"status":"active","name":"Payphone #5784"}},{"type":"Feature","geometry":{"type":"Point","coordinates":[151.219113,-33.881485]},"properties":{"id":5793,"holderId":14599,"status":"active","name":"Payphone #5793"}},{"type":"Feature","geometry":{"type":"Point","coordinates":[151.0578404811121,-34.031636]},"properties":{"id":5795,"holderId":18468,"status":"active","name":"Payphone #5795"}},{"type":"Feature","geometry":{"type":"Point","coordinates":[151.2078159,-33.8591199]},"properties":{"id":5801,"holderId":17553,"status":"active","name":"Payphone #5801"}},{"type":"Feature","geometry":{"type":"Point","coordinates":[150.991117,-33.836658]},"properties":{"id":5802,"holderId":18050,"status":"active","name":"Payphone #5802"}},{"type":"Feature","geometry":{"type":"Point","coordinates":[151.004779,-33.733107]},"properties":{"id":5803,"holderId":930,"status":"active","name":"Payphone #5803"}},{"type":"Feature","geometry":{"type":"Point","coordinates":[150.72128758923154,-33.747562]},"properties":{"id":5805,"holderId":4696,"status":"active","name":"Payphone #5805"}},{"type":"Feature","geometry":{"type":"Point","coordinates":[150.858899,-33.969158]},"properties":{"id":5807,"holderId":12781,"status":"active","name":"Payphone #5807"}},{"type":"Feature","geometry":{"type":"Point","coordinates":[150.909056,-33.893758]},"properties":{"id":5811,"holderId":17663,"status":"active","name":"Payphone #5811"}},{"type":"Feature","geometry":{"type":"Point","coordinates":[151.125623,-33.887278]},"properties":{"id":5818,"holderId":15774,"status":"active","name":"Payphone #5818"}},{"type":"Feature","geometry":{"type":"Point","coordinates":[151.082912,-33.891793]},"properties":{"id":5831,"holderId":9284,"status":"active","name":"Payphone #5831"}},{"type":"Feature","geometry":{"type":"Point","coordinates":[151.03331,-33.85905]},"properties":{"id":5838,"holderId":3290,"status":"active","name":"Payphone #5838"}},{"type":"Feature","geometry":{"type":"Point","coordinates":[151.211797,-33.845904]},"properties":{"id":5848,"holderId":19011,"status":"active","name":"Payphone #5848"}},{"type":"Feature","geometry":{"type":"Point","coordinates":[151.225011,-33.894883]},"properties":{"id":5851,"holderId":7496,"status":"active","name":"Payphone #5851"}},{"type":"Feature","geometry":{"type":"Point","coordinates":[151.1821125333015,-33.895011]},"properties":{"id":5853,"holderId":887,"status":"active","name":"Payphone #5853"}},{"type":"Feature","geometry":{"type":"Point","coordinates":[150.9068365810452,-33.769211]},"properties":{"id":5858,"holderId":14722,"status":"active","name":"Payphone #5858"}},{"type":"Feature","geometry":{"type":"Point","coordinates":[151.246674,-33.906423]},"properties":{"id":5863,"holderId":6643,"status":"active","name":"Payphone #5863"}},{"type":"Feature","geometry":{"type":"Point","coordinates":[151.206974,-33.874019]},"properties":{"id":5883,"holderId":930,"status":"active","name":"Payphone #5883"}},{"type":"Feature","geometry":{"type":"Point","coordinates":[151.260522,-33.944665]},"properties":{"id":5886,"holderId":7090,"status":"active","name":"Payphone #5886"}},{"type":"Feature","geometry":{"type":"Point","coordinates":[151.06870752274543,-33.92272]},"properties":{"id":5907,"holderId":11233,"status":"active","name":"Payphone #5907"}},{"type":"Feature","geometry":{"type":"Point","coordinates":[150.936792,-33.895062]},"properties":{"id":5914,"holderId":18441,"status":"active","name":"Payphone #5914"}},{"type":"Feature","geometry":{"type":"Point","coordinates":[151.289393,-33.802511]},"properties":{"id":5916,"holderId":6396,"status":"active","name":"Payphone #5916"}},{"type":"Feature","geometry":{"type":"Point","coordinates":[151.20674,-33.8273]},"properties":{"id":5926,"holderId":19011,"status":"active","name":"Payphone #5926"}},{"type":"Feature","geometry":{"type":"Point","coordinates":[151.208305,-33.832538]},"properties":{"id":5929,"holderId":19011,"status":"active","name":"Payphone #5929"}},{"type":"Feature","geometry":{"type":"Point","coordinates":[151.209801,-33.876494]},"properties":{"id":5935,"holderId":6553,"status":"active","name":"Payphone #5935"}},{"type":"Feature","geometry":{"type":"Point","coordinates":[151.052142,-34.043001]},"properties":{"id":5938,"holderId":17548,"status":"active","name":"Payphone #5938"}},{"type":"Feature","geometry":{"type":"Point","coordinates":[150.796998,-34.072114]},"properties":{"id":5940,"holderId":17651,"status":"active","name":"Payphone #5940"}},{"type":"Feature","geometry":{"type":"Point","coordinates":[151.002255,-33.812982]},"properties":{"id":5946,"holderId":18898,"status":"active","name":"Payphone #5946"}},{"type":"Feature","geometry":{"type":"Point","coordinates":[150.865313,-33.869348]},"properties":{"id":5953,"holderId":17663,"status":"active","name":"Payphone #5953"}},{"type":"Feature","geometry":{"type":"Point","coordinates":[151.30338,-33.67803]},"properties":{"id":5958,"holderId":17926,"status":"active","name":"Payphone #5958"}},{"type":"Feature","geometry":{"type":"Point","coordinates":[150.993012,-33.802041]},"properties":{"id":5960,"holderId":1903,"status":"active","name":"Payphone #5960"}},{"type":"Feature","geometry":{"type":"Point","coordinates":[150.932393,-33.914424]},"properties":{"id":5974,"holderId":4870,"status":"active","name":"Payphone #5974"}},{"type":"Feature","geometry":{"type":"Point","coordinates":[151.004507,-33.949164]},"properties":{"id":5986,"holderId":15802,"status":"active","name":"Payphone #5986"}},{"type":"Feature","geometry":{"type":"Point","coordinates":[151.10253,-33.93339]},"properties":{"id":6001,"holderId":11233,"status":"active","name":"Payphone #6001"}},{"type":"Feature","geometry":{"type":"Point","coordinates":[151.28648,-33.798814]},"properties":{"id":6002,"holderId":4213,"status":"active","name":"Payphone #6002"}},{"type":"Feature","geometry":{"type":"Point","coordinates":[151.206558,-33.875236]},"properties":{"id":6007,"holderId":930,"status":"active","name":"Payphone #6007"}},{"type":"Feature","geometry":{"type":"Point","coordinates":[151.209468,-33.870857]},"properties":{"id":6009,"holderId":6553,"status":"active","name":"Payphone #6009"}},{"type":"Feature","geometry":{"type":"Point","coordinates":[151.27054,-33.78531]},"properties":{"id":6014,"holderId":17510,"status":"active","name":"Payphone #6014"}},{"type":"Feature","geometry":{"type":"Point","coordinates":[151.000981,-33.882777]},"properties":{"id":6018,"holderId":12308,"status":"active","name":"Payphone #6018"}},{"type":"Feature","geometry":{"type":"Point","coordinates":[150.905483,-33.897393]},"properties":{"id":6023,"holderId":5340,"status":"active","name":"Payphone #6023"}},{"type":"Feature","geometry":{"type":"Point","coordinates":[150.90721758139404,-33.768289]},"properties":{"id":6024,"holderId":26,"status":"active","name":"Payphone #6024"}},{"type":"Feature","geometry":{"type":"Point","coordinates":[150.71962041497602,-33.758692]},"properties":{"id":6029,"holderId":7694,"status":"active","name":"Payphone #6029"}},{"type":"Feature","geometry":{"type":"Point","coordinates":[151.10473,-33.87741]},"properties":{"id":6031,"holderId":12066,"status":"active","name":"Payphone #6031"}},{"type":"Feature","geometry":{"type":"Point","coordinates":[150.982542,-33.912687]},"properties":{"id":6042,"holderId":18742,"status":"active","name":"Payphone #6042"}},{"type":"Feature","geometry":{"type":"Point","coordinates":[151.221504,-33.878191]},"properties":{"id":6050,"holderId":14599,"status":"active","name":"Payphone #6050"}},{"type":"Feature","geometry":{"type":"Point","coordinates":[150.93587042078656,-33.774052]},"properties":{"id":6053,"holderId":16187,"status":"active","name":"Payphone #6053"}},{"type":"Feature","geometry":{"type":"Point","coordinates":[151.114553,-33.671227]},"properties":{"id":6060,"holderId":6547,"status":"active","name":"Payphone #6060"}},{"type":"Feature","geometry":{"type":"Point","coordinates":[151.181746,-33.796656]},"properties":{"id":6062,"holderId":3412,"status":"active","name":"Payphone #6062"}},{"type":"Feature","geometry":{"type":"Point","coordinates":[151.204997,-33.872306]},"properties":{"id":6074,"holderId":6553,"status":"active","name":"Payphone #6074"}},{"type":"Feature","geometry":{"type":"Point","coordinates":[150.885005,-33.726369]},"properties":{"id":6079,"holderId":7694,"status":"active","name":"Payphone #6079"}},{"type":"Feature","geometry":{"type":"Point","coordinates":[150.956681,-33.869695]},"properties":{"id":6089,"holderId":805,"status":"active","name":"Payphone #6089"}},{"type":"Feature","geometry":{"type":"Point","coordinates":[151.0047473,-33.8174563]},"properties":{"id":6099,"holderId":18441,"status":"active","name":"Payphone #6099"}},{"type":"Feature","geometry":{"type":"Point","coordinates":[151.072547,-33.738061]},"properties":{"id":6100,"holderId":14771,"status":"active","name":"Payphone #6100"}},{"type":"Feature","geometry":{"type":"Point","coordinates":[150.911862,-33.923307]},"properties":{"id":6101,"holderId":4870,"status":"active","name":"Payphone #6101"}},{"type":"Feature","geometry":{"type":"Point","coordinates":[150.99985,-33.82236]},"properties":{"id":6102,"holderId":18441,"status":"active","name":"Payphone #6102"}},{"type":"Feature","geometry":{"type":"Point","coordinates":[151.296309,-33.754633]},"properties":{"id":6103,"holderId":18826,"status":"active","name":"Payphone #6103"}},{"type":"Feature","geometry":{"type":"Point","coordinates":[151.2094768,-33.8613668]},"properties":{"id":6104,"holderId":18564,"status":"active","name":"Payphone #6104"}},{"type":"Feature","geometry":{"type":"Point","coordinates":[151.10434,-33.87759]},"properties":{"id":6116,"holderId":14599,"status":"active","name":"Payphone #6116"}},{"type":"Feature","geometry":{"type":"Point","coordinates":[151.132988,-33.908697]},"properties":{"id":6120,"holderId":18822,"status":"active","name":"Payphone #6120"}},{"type":"Feature","geometry":{"type":"Point","coordinates":[151.025539,-33.849552]},"properties":{"id":6127,"holderId":14589,"status":"active","name":"Payphone #6127"}},{"type":"Feature","geometry":{"type":"Point","coordinates":[150.937445,-33.872458]},"properties":{"id":6134,"holderId":12772,"status":"active","name":"Payphone #6134"}},{"type":"Feature","geometry":{"type":"Point","coordinates":[151.122843,-33.8663]},"properties":{"id":6150,"holderId":6232,"status":"active","name":"Payphone #6150"}},{"type":"Feature","geometry":{"type":"Point","coordinates":[150.689611,-33.875757]},"properties":{"id":6151,"holderId":7694,"status":"active","name":"Payphone #6151"}},{"type":"Feature","geometry":{"type":"Point","coordinates":[151.19418043902297,-33.822184]},"properties":{"id":6160,"holderId":18294,"status":"active","name":"Payphone #6160"}},{"type":"Feature","geometry":{"type":"Point","coordinates":[151.211593,-33.870782]},"properties":{"id":6163,"holderId":12977,"status":"active","name":"Payphone #6163"}},{"type":"Feature","geometry":{"type":"Point","coordinates":[151.2125912,-33.8610933]},"properties":{"id":6166,"holderId":4213,"status":"active","name":"Payphone #6166"}},{"type":"Feature","geometry":{"type":"Point","coordinates":[150.87001,-33.695965]},"properties":{"id":6192,"holderId":17663,"status":"active","name":"Payphone #6192"}},{"type":"Feature","geometry":{"type":"Point","coordinates":[150.716026,-33.495427]},"properties":{"id":6207,"holderId":17170,"status":"active","name":"Payphone #6207"}},{"type":"Feature","geometry":{"type":"Point","coordinates":[151.207406,-33.884668]},"properties":{"id":6209,"holderId":18276,"status":"active","name":"Payphone #6209"}},{"type":"Feature","geometry":{"type":"Point","coordinates":[150.95661845797582,-33.872086]},"properties":{"id":6210,"holderId":805,"status":"active","name":"Payphone #6210"}},{"type":"Feature","geometry":{"type":"Point","coordinates":[151.263092,-33.775663]},"properties":{"id":6222,"holderId":9737,"status":"active","name":"Payphone #6222"}},{"type":"Feature","geometry":{"type":"Point","coordinates":[151.20250253204816,-33.898303]},"properties":{"id":6224,"holderId":18307,"status":"active","name":"Payphone #6224"}},{"type":"Feature","geometry":{"type":"Point","coordinates":[151.248184,-33.891982]},"properties":{"id":6247,"holderId":6643,"status":"active","name":"Payphone #6247"}},{"type":"Feature","geometry":{"type":"Point","coordinates":[151.207714,-33.877314]},"properties":{"id":6269,"holderId":7815,"status":"active","name":"Payphone #6269"}},{"type":"Feature","geometry":{"type":"Point","coordinates":[151.1323985074512,-33.962799]},"properties":{"id":6285,"holderId":12307,"status":"active","name":"Payphone #6285"}},{"type":"Feature","geometry":{"type":"Point","coordinates":[151.237872,-33.933469]},"properties":{"id":6288,"holderId":18276,"status":"active","name":"Payphone #6288"}},{"type":"Feature","geometry":{"type":"Point","coordinates":[150.834779,-33.729917]},"properties":{"id":6294,"holderId":4696,"status":"active","name":"Payphone #6294"}},{"type":"Feature","geometry":{"type":"Point","coordinates":[151.195663,-33.929956]},"properties":{"id":6319,"holderId":13770,"status":"active","name":"Payphone #6319"}},{"type":"Feature","geometry":{"type":"Point","coordinates":[150.96377,-33.81721]},"properties":{"id":6320,"holderId":17663,"status":"active","name":"Payphone #6320"}},{"type":"Feature","geometry":{"type":"Point","coordinates":[151.09848,-33.91922]},"properties":{"id":6322,"holderId":887,"status":"active","name":"Payphone #6322"}},{"type":"Feature","geometry":{"type":"Point","coordinates":[151.20350653763307,-33.88363]},"properties":{"id":6348,"holderId":4870,"status":"active","name":"Payphone #6348"}},{"type":"Feature","geometry":{"type":"Point","coordinates":[151.243204,-33.825441]},"properties":{"id":6363,"holderId":16728,"status":"active","name":"Payphone #6363"}},{"type":"Feature","geometry":{"type":"Point","coordinates":[151.197737,-33.876427]},"properties":{"id":6370,"holderId":3290,"status":"active","name":"Payphone #6370"}},{"type":"Feature","geometry":{"type":"Point","coordinates":[151.342578,-33.522976]},"properties":{"id":6375,"holderId":6116,"status":"active","name":"Payphone #6375"}},{"type":"Feature","geometry":{"type":"Point","coordinates":[151.18013,-33.896633]},"properties":{"id":6379,"holderId":7413,"status":"active","name":"Payphone #6379"}},{"type":"Feature","geometry":{"type":"Point","coordinates":[151.226875,-33.922789]},"properties":{"id":6381,"holderId":18276,"status":"active","name":"Payphone #6381"}},{"type":"Feature","geometry":{"type":"Point","coordinates":[151.20652355470563,-33.83871]},"properties":{"id":6389,"holderId":18088,"status":"active","name":"Payphone #6389"}},{"type":"Feature","geometry":{"type":"Point","coordinates":[151.147686,-33.893457]},"properties":{"id":6397,"holderId":10143,"status":"active","name":"Payphone #6397"}},{"type":"Feature","geometry":{"type":"Point","coordinates":[151.080916,-33.949096]},"properties":{"id":6398,"holderId":11233,"status":"active","name":"Payphone #6398"}},{"type":"Feature","geometry":{"type":"Point","coordinates":[151.175394,-33.514909]},"properties":{"id":6402,"holderId":9097,"status":"active","name":"Payphone #6402"}},{"type":"Feature","geometry":{"type":"Point","coordinates":[150.61168,-34.16896]},"properties":{"id":6410,"holderId":18742,"status":"active","name":"Payphone #6410"}},{"type":"Feature","geometry":{"type":"Point","coordinates":[151.180701,-33.932144]},"properties":{"id":6418,"holderId":15182,"status":"active","name":"Payphone #6418"}},{"type":"Feature","geometry":{"type":"Point","coordinates":[150.95593,-33.67145]},"properties":{"id":6419,"holderId":4981,"status":"active","name":"Payphone #6419"}},{"type":"Feature","geometry":{"type":"Point","coordinates":[151.155771,-33.763565]},"properties":{"id":6423,"holderId":14870,"status":"active","name":"Payphone #6423"}},{"type":"Feature","geometry":{"type":"Point","coordinates":[150.813146,-34.084387]},"properties":{"id":6424,"holderId":12308,"status":"active","name":"Payphone #6424"}},{"type":"Feature","geometry":{"type":"Point","coordinates":[151.335861,-33.420009]},"properties":{"id":6436,"holderId":558,"status":"active","name":"Payphone #6436"}},{"type":"Feature","geometry":{"type":"Point","coordinates":[151.292589,-33.752158]},"properties":{"id":6443,"holderId":9819,"status":"active","name":"Payphone #6443"}},{"type":"Feature","geometry":{"type":"Point","coordinates":[151.329031,-33.522316]},"properties":{"id":6448,"holderId":9097,"status":"active","name":"Payphone #6448"}},{"type":"Feature","geometry":{"type":"Point","coordinates":[151.161538,-33.896472]},"properties":{"id":6452,"holderId":7413,"status":"active","name":"Payphone #6452"}},{"type":"Feature","geometry":{"type":"Point","coordinates":[151.04776,-33.917842]},"properties":{"id":6455,"holderId":11233,"status":"active","name":"Payphone #6455"}},{"type":"Feature","geometry":{"type":"Point","coordinates":[150.927986,-33.918251]},"properties":{"id":6471,"holderId":4870,"status":"active","name":"Payphone #6471"}},{"type":"Feature","geometry":{"type":"Point","coordinates":[150.908703,-33.769156]},"properties":{"id":6482,"holderId":17663,"status":"active","name":"Payphone #6482"}},{"type":"Feature","geometry":{"type":"Point","coordinates":[151.011469,-33.922295]},"properties":{"id":6490,"holderId":14106,"status":"active","name":"Payphone #6490"}},{"type":"Feature","geometry":{"type":"Point","coordinates":[151.20921046605437,-33.893319]},"properties":{"id":6493,"holderId":17763,"status":"active","name":"Payphone #6493"}},{"type":"Feature","geometry":{"type":"Point","coordinates":[151.184554,-33.884076]},"properties":{"id":6504,"holderId":18341,"status":"active","name":"Payphone #6504"}},{"type":"Feature","geometry":{"type":"Point","coordinates":[151.133477,-33.963232]},"properties":{"id":6516,"holderId":12307,"status":"active","name":"Payphone #6516"}},{"type":"Feature","geometry":{"type":"Point","coordinates":[150.641323,-33.863838]},"properties":{"id":6519,"holderId":7694,"status":"active","name":"Payphone #6519"}},{"type":"Feature","geometry":{"type":"Point","coordinates":[151.222729,-33.874936]},"properties":{"id":6523,"holderId":9584,"status":"active","name":"Payphone #6523"}},{"type":"Feature","geometry":{"type":"Point","coordinates":[151.233505,-33.917135]},"properties":{"id":6533,"holderId":18276,"status":"active","name":"Payphone #6533"}},{"type":"Feature","geometry":{"type":"Point","coordinates":[151.341297,-33.430508]},"properties":{"id":6537,"holderId":558,"status":"active","name":"Payphone #6537"}},{"type":"Feature","geometry":{"type":"Point","coordinates":[151.238382,-33.870882]},"properties":{"id":6544,"holderId":12307,"status":"active","name":"Payphone #6544"}},{"type":"Feature","geometry":{"type":"Point","coordinates":[151.207405,-33.873086]},"properties":{"id":6545,"holderId":930,"status":"active","name":"Payphone #6545"}},{"type":"Feature","geometry":{"type":"Point","coordinates":[150.98618054885839,-33.854106]},"properties":{"id":6566,"holderId":17902,"status":"active","name":"Payphone #6566"}},{"type":"Feature","geometry":{"type":"Point","coordinates":[151.001026,-33.851058]},"properties":{"id":6567,"holderId":5340,"status":"active","name":"Payphone #6567"}},{"type":"Feature","geometry":{"type":"Point","coordinates":[151.13841,-33.880947]},"properties":{"id":6572,"holderId":6232,"status":"active","name":"Payphone #6572"}},{"type":"Feature","geometry":{"type":"Point","coordinates":[151.10853,-33.6886]},"properties":{"id":6575,"holderId":17015,"status":"active","name":"Payphone #6575"}},{"type":"Feature","geometry":{"type":"Point","coordinates":[151.20599654368652,-33.867714]},"properties":{"id":6585,"holderId":6553,"status":"active","name":"Payphone #6585"}},{"type":"Feature","geometry":{"type":"Point","coordinates":[151.108154,-33.68734]},"properties":{"id":6594,"holderId":17015,"status":"active","name":"Payphone #6594"}},{"type":"Feature","geometry":{"type":"Point","coordinates":[151.08821,-33.859147]},"properties":{"id":6597,"holderId":18429,"status":"active","name":"Payphone #6597"}},{"type":"Feature","geometry":{"type":"Point","coordinates":[151.240369,-33.914927]},"properties":{"id":6604,"holderId":18276,"status":"active","name":"Payphone #6604"}},{"type":"Feature","geometry":{"type":"Point","coordinates":[151.161279,-33.901333]},"properties":{"id":6621,"holderId":887,"status":"active","name":"Payphone #6621"}},{"type":"Feature","geometry":{"type":"Point","coordinates":[151.2069665378701,-33.883007]},"properties":{"id":6635,"holderId":12896,"status":"active","name":"Payphone #6635"}},{"type":"Feature","geometry":{"type":"Point","coordinates":[151.21138,-33.845619]},"properties":{"id":6642,"holderId":19011,"status":"active","name":"Payphone #6642"}},{"type":"Feature","geometry":{"type":"Point","coordinates":[151.071771,-33.775843]},"properties":{"id":6663,"holderId":887,"status":"active","name":"Payphone #6663"}},{"type":"Feature","geometry":{"type":"Point","coordinates":[151.05730651933175,-34.032794]},"properties":{"id":6673,"holderId":14867,"status":"active","name":"Payphone #6673"}},{"type":"Feature","geometry":{"type":"Point","coordinates":[150.95655354202415,-33.872086]},"properties":{"id":6679,"holderId":805,"status":"active","name":"Payphone #6679"}},{"type":"Feature","geometry":{"type":"Point","coordinates":[150.986994,-33.80883]},"properties":{"id":6685,"holderId":3290,"status":"active","name":"Payphone #6685"}},{"type":"Feature","geometry":{"type":"Point","coordinates":[151.107163,-33.895847]},"properties":{"id":6695,"holderId":18538,"status":"active","name":"Payphone #6695"}},{"type":"Feature","geometry":{"type":"Point","coordinates":[151.192689,-33.85752]},"properties":{"id":6703,"holderId":16761,"status":"active","name":"Payphone #6703"}},{"type":"Feature","geometry":{"type":"Point","coordinates":[151.052674,-33.949907]},"properties":{"id":6711,"holderId":11233,"status":"active","name":"Payphone #6711"}},{"type":"Feature","geometry":{"type":"Point","coordinates":[151.10316947198558,-33.908894]},"properties":{"id":6727,"holderId":18307,"status":"active","name":"Payphone #6727"}},{"type":"Feature","geometry":{"type":"Point","coordinates":[150.81229,-34.06909]},"properties":{"id":6730,"holderId":12308,"status":"active","name":"Payphone #6730"}},{"type":"Feature","geometry":{"type":"Point","coordinates":[151.157499,-33.88744]},"properties":{"id":6733,"holderId":18439,"status":"active","name":"Payphone #6733"}},{"type":"Feature","geometry":{"type":"Point","coordinates":[151.158754,-33.900493]},"properties":{"id":6737,"holderId":18439,"status":"active","name":"Payphone #6737"}},{"type":"Feature","geometry":{"type":"Point","coordinates":[151.210377,-33.821689]},"properties":{"id":6747,"holderId":8604,"status":"active","name":"Payphone #6747"}},{"type":"Feature","geometry":{"type":"Point","coordinates":[151.104294,-33.910419]},"properties":{"id":6753,"holderId":18307,"status":"active","name":"Payphone #6753"}},{"type":"Feature","geometry":{"type":"Point","coordinates":[151.264872,-33.794679]},"properties":{"id":6765,"holderId":18685,"status":"active","name":"Payphone #6765"}},{"type":"Feature","geometry":{"type":"Point","coordinates":[150.95647150730758,-33.963175]},"properties":{"id":6785,"holderId":13004,"status":"active","name":"Payphone #6785"}},{"type":"Feature","geometry":{"type":"Point","coordinates":[150.744679,-33.613263]},"properties":{"id":6786,"holderId":4696,"status":"active","name":"Payphone #6786"}},{"type":"Feature","geometry":{"type":"Point","coordinates":[151.10296,-33.710286]},"properties":{"id":6808,"holderId":18051,"status":"active","name":"Payphone #6808"}},{"type":"Feature","geometry":{"type":"Point","coordinates":[151.11982,-34.06357]},"properties":{"id":6820,"holderId":13421,"status":"active","name":"Payphone #6820"}},{"type":"Feature","geometry":{"type":"Point","coordinates":[151.12734,-33.906271]},"properties":{"id":6823,"holderId":6232,"status":"active","name":"Payphone #6823"}},{"type":"Feature","geometry":{"type":"Point","coordinates":[150.637629,-34.071355]},"properties":{"id":6827,"holderId":7694,"status":"active","name":"Payphone #6827"}},{"type":"Feature","geometry":{"type":"Point","coordinates":[151.157254,-33.884727]},"properties":{"id":6835,"holderId":9144,"status":"active","name":"Payphone #6835"}},{"type":"Feature","geometry":{"type":"Point","coordinates":[151.215336,-33.879061]},"properties":{"id":6860,"holderId":18055,"status":"active","name":"Payphone #6860"}},{"type":"Feature","geometry":{"type":"Point","coordinates":[150.758674,-33.601849]},"properties":{"id":6863,"holderId":17170,"status":"active","name":"Payphone #6863"}},{"type":"Feature","geometry":{"type":"Point","coordinates":[151.248275,-33.891081]},"properties":{"id":6887,"holderId":6643,"status":"active","name":"Payphone #6887"}},{"type":"Feature","geometry":{"type":"Point","coordinates":[151.20755344621963,-33.841147]},"properties":{"id":6902,"holderId":18088,"status":"active","name":"Payphone #6902"}},{"type":"Feature","geometry":{"type":"Point","coordinates":[150.93829,-33.864991]},"properties":{"id":6904,"holderId":16210,"status":"active","name":"Payphone #6904"}},{"type":"Feature","geometry":{"type":"Point","coordinates":[151.01505,-33.83167]},"properties":{"id":6906,"holderId":5340,"status":"active","name":"Payphone #6906"}},{"type":"Feature","geometry":{"type":"Point","coordinates":[151.0032084,-33.8162371]},"properties":{"id":6907,"holderId":18898,"status":"active","name":"Payphone #6907"}},{"type":"Feature","geometry":{"type":"Point","coordinates":[151.26015,-33.90289]},"properties":{"id":6913,"holderId":6638,"status":"active","name":"Payphone #6913"}},{"type":"Feature","geometry":{"type":"Point","coordinates":[150.928261,-33.734027]},"properties":{"id":6917,"holderId":17663,"status":"active","name":"Payphone #6917"}},{"type":"Feature","geometry":{"type":"Point","coordinates":[150.960521,-33.788057]},"properties":{"id":6929,"holderId":2597,"status":"active","name":"Payphone #6929"}},{"type":"Feature","geometry":{"type":"Point","coordinates":[150.891404,-33.985687]},"properties":{"id":6930,"holderId":4870,"status":"active","name":"Payphone #6930"}},{"type":"Feature","geometry":{"type":"Point","coordinates":[151.10143739438735,-33.704172]},"properties":{"id":6931,"holderId":5962,"status":"active","name":"Payphone #6931"}},{"type":"Feature","geometry":{"type":"Point","coordinates":[151.12644,-33.92657]},"properties":{"id":6932,"holderId":18872,"status":"active","name":"Payphone #6932"}},{"type":"Feature","geometry":{"type":"Point","coordinates":[151.187435,-33.923318]},"properties":{"id":6947,"holderId":12781,"status":"active","name":"Payphone #6947"}},{"type":"Feature","geometry":{"type":"Point","coordinates":[151.193029,-33.892085]},"properties":{"id":6958,"holderId":6413,"status":"active","name":"Payphone #6958"}},{"type":"Feature","geometry":{"type":"Point","coordinates":[151.203805,-33.882969]},"properties":{"id":6961,"holderId":18055,"status":"active","name":"Payphone #6961"}},{"type":"Feature","geometry":{"type":"Point","coordinates":[151.052258,-33.95145]},"properties":{"id":6962,"holderId":11233,"status":"active","name":"Payphone #6962"}},{"type":"Feature","geometry":{"type":"Point","coordinates":[151.05724148066827,-34.032794]},"properties":{"id":6966,"holderId":14867,"status":"active","name":"Payphone #6966"}},{"type":"Feature","geometry":{"type":"Point","coordinates":[151.11506550463932,-33.970159]},"properties":{"id":6972,"holderId":12307,"status":"active","name":"Payphone #6972"}},{"type":"Feature","geometry":{"type":"Point","coordinates":[151.286033,-33.753472]},"properties":{"id":6974,"holderId":9737,"status":"active","name":"Payphone #6974"}},{"type":"Feature","geometry":{"type":"Point","coordinates":[151.276503,-33.740125]},"properties":{"id":6981,"holderId":18088,"status":"active","name":"Payphone #6981"}},{"type":"Feature","geometry":{"type":"Point","coordinates":[151.194286,-33.822321]},"properties":{"id":6998,"holderId":18294,"status":"active","name":"Payphone #6998"}},{"type":"Feature","geometry":{"type":"Point","coordinates":[150.780331,-33.79219]},"properties":{"id":7002,"holderId":7694,"status":"active","name":"Payphone #7002"}},{"type":"Feature","geometry":{"type":"Point","coordinates":[150.690878,-34.015743]},"properties":{"id":7018,"holderId":7694,"status":"active","name":"Payphone #7018"}},{"type":"Feature","geometry":{"type":"Point","coordinates":[151.207288,-33.878807]},"properties":{"id":7028,"holderId":12935,"status":"active","name":"Payphone #7028"}},{"type":"Feature","geometry":{"type":"Point","coordinates":[151.278318,-33.865239]},"properties":{"id":7038,"holderId":12307,"status":"active","name":"Payphone #7038"}},{"type":"Feature","geometry":{"type":"Point","coordinates":[151.023999,-33.907621]},"properties":{"id":7041,"holderId":12308,"status":"active","name":"Payphone #7041"}},{"type":"Feature","geometry":{"type":"Point","coordinates":[151.101977,-33.96769]},"properties":{"id":7044,"holderId":18468,"status":"active","name":"Payphone #7044"}},{"type":"Feature","geometry":{"type":"Point","coordinates":[150.913337,-33.772907]},"properties":{"id":7060,"holderId":17663,"status":"active","name":"Payphone #7060"}},{"type":"Feature","geometry":{"type":"Point","coordinates":[151.177652,-33.934051]},"properties":{"id":7062,"holderId":7090,"status":"active","name":"Payphone #7062"}},{"type":"Feature","geometry":{"type":"Point","coordinates":[151.194526,-33.880345]},"properties":{"id":7067,"holderId":14164,"status":"active","name":"Payphone #7067"}},{"type":"Feature","geometry":{"type":"Point","coordinates":[151.204875,-33.865373]},"properties":{"id":7076,"holderId":6553,"status":"active","name":"Payphone #7076"}},{"type":"Feature","geometry":{"type":"Point","coordinates":[151.20871,-33.86579]},"properties":{"id":7094,"holderId":12064,"status":"active","name":"Payphone #7094"}},{"type":"Feature","geometry":{"type":"Point","coordinates":[151.160331,-33.888123]},"properties":{"id":7107,"holderId":887,"status":"active","name":"Payphone #7107"}},{"type":"Feature","geometry":{"type":"Point","coordinates":[151.114567,-33.969737]},"properties":{"id":7112,"holderId":12307,"status":"active","name":"Payphone #7112"}},{"type":"Feature","geometry":{"type":"Point","coordinates":[150.535219,-33.696409]},"properties":{"id":7130,"holderId":6240,"status":"active","name":"Payphone #7130"}},{"type":"Feature","geometry":{"type":"Point","coordinates":[151.167786,-33.888128]},"properties":{"id":7138,"holderId":887,"status":"active","name":"Payphone #7138"}},{"type":"Feature","geometry":{"type":"Point","coordinates":[151.209769,-33.868153]},"properties":{"id":7139,"holderId":18181,"status":"active","name":"Payphone #7139"}},{"type":"Feature","geometry":{"type":"Point","coordinates":[151.207041,-33.871967]},"properties":{"id":7147,"holderId":930,"status":"active","name":"Payphone #7147"}},{"type":"Feature","geometry":{"type":"Point","coordinates":[151.156857,-33.895857]},"properties":{"id":7150,"holderId":52,"status":"active","name":"Payphone #7150"}},{"type":"Feature","geometry":{"type":"Point","coordinates":[150.938843,-33.761901]},"properties":{"id":7152,"holderId":17663,"status":"active","name":"Payphone #7152"}},{"type":"Feature","geometry":{"type":"Point","coordinates":[151.035262,-33.845081]},"properties":{"id":7157,"holderId":3290,"status":"active","name":"Payphone #7157"}},{"type":"Feature","geometry":{"type":"Point","coordinates":[151.299418,-33.766138]},"properties":{"id":7159,"holderId":9819,"status":"active","name":"Payphone #7159"}},{"type":"Feature","geometry":{"type":"Point","coordinates":[151.252191,-33.82749]},"properties":{"id":7162,"holderId":1488,"status":"active","name":"Payphone #7162"}},{"type":"Feature","geometry":{"type":"Point","coordinates":[151.102137,-33.877645]},"properties":{"id":7190,"holderId":14599,"status":"active","name":"Payphone #7190"}},{"type":"Feature","geometry":{"type":"Point","coordinates":[151.2099181,-33.8615966]},"properties":{"id":7205,"holderId":18564,"status":"active","name":"Payphone #7205"}},{"type":"Feature","geometry":{"type":"Point","coordinates":[151.228484,-33.885848]},"properties":{"id":7219,"holderId":7260,"status":"active","name":"Payphone #7219"}},{"type":"Feature","geometry":{"type":"Point","coordinates":[151.287743,-33.786254]},"properties":{"id":7220,"holderId":6396,"status":"active","name":"Payphone #7220"}},{"type":"Feature","geometry":{"type":"Point","coordinates":[151.239157,-33.91859]},"properties":{"id":7241,"holderId":18276,"status":"active","name":"Payphone #7241"}},{"type":"Feature","geometry":{"type":"Point","coordinates":[151.0042905,-33.8171903]},"properties":{"id":7245,"holderId":930,"status":"active","name":"Payphone #7245"}},{"type":"Feature","geometry":{"type":"Point","coordinates":[151.210034,-33.87336]},"properties":{"id":7247,"holderId":12785,"status":"active","name":"Payphone #7247"}},{"type":"Feature","geometry":{"type":"Point","coordinates":[150.982461,-33.826544]},"properties":{"id":7255,"holderId":1903,"status":"active","name":"Payphone #7255"}},{"type":"Feature","geometry":{"type":"Point","coordinates":[151.100785,-33.703047]},"properties":{"id":7262,"holderId":5962,"status":"active","name":"Payphone #7262"}},{"type":"Feature","geometry":{"type":"Point","coordinates":[151.02882,-33.784]},"properties":{"id":7283,"holderId":6547,"status":"active","name":"Payphone #7283"}},{"type":"Feature","geometry":{"type":"Point","coordinates":[151.07427847572143,-33.918698]},"properties":{"id":7284,"holderId":52,"status":"active","name":"Payphone #7284"}},{"type":"Feature","geometry":{"type":"Point","coordinates":[151.00384743757328,-33.818362]},"properties":{"id":7295,"holderId":4732,"status":"active","name":"Payphone #7295"}},{"type":"Feature","geometry":{"type":"Point","coordinates":[150.990126,-33.837466]},"properties":{"id":7310,"holderId":18050,"status":"active","name":"Payphone #7310"}},{"type":"Feature","geometry":{"type":"Point","coordinates":[151.165881,-33.464376]},"properties":{"id":7317,"holderId":7415,"status":"active","name":"Payphone #7317"}},{"type":"Feature","geometry":{"type":"Point","coordinates":[151.288554,-33.782929]},"properties":{"id":7322,"holderId":6396,"status":"active","name":"Payphone #7322"}},{"type":"Feature","geometry":{"type":"Point","coordinates":[151.205856,-33.867049]},"properties":{"id":7326,"holderId":14435,"status":"active","name":"Payphone #7326"}},{"type":"Feature","geometry":{"type":"Point","coordinates":[151.100865,-34.033953]},"properties":{"id":7328,"holderId":680,"status":"active","name":"Payphone #7328"}},{"type":"Feature","geometry":{"type":"Point","coordinates":[151.167871,-33.903892]},"properties":{"id":7330,"holderId":887,"status":"active","name":"Payphone #7330"}},{"type":"Feature","geometry":{"type":"Point","coordinates":[151.156962,-33.845679]},"properties":{"id":7331,"holderId":4974,"status":"active","name":"Payphone #7331"}},{"type":"Feature","geometry":{"type":"Point","coordinates":[151.153077,-33.914531]},"properties":{"id":7341,"holderId":2323,"status":"active","name":"Payphone #7341"}},{"type":"Feature","geometry":{"type":"Point","coordinates":[151.049076,-33.838176]},"properties":{"id":7345,"holderId":12109,"status":"active","name":"Payphone #7345"}},{"type":"Feature","geometry":{"type":"Point","coordinates":[151.212527,-33.868386]},"properties":{"id":7357,"holderId":6285,"status":"active","name":"Payphone #7357"}},{"type":"Feature","geometry":{"type":"Point","coordinates":[150.905393,-33.768918]},"properties":{"id":7359,"holderId":14722,"status":"active","name":"Payphone #7359"}},{"type":"Feature","geometry":{"type":"Point","coordinates":[150.699308,-33.7528]},"properties":{"id":7374,"holderId":17835,"status":"active","name":"Payphone #7374"}},{"type":"Feature","geometry":{"type":"Point","coordinates":[151.222733,-33.874799]},"properties":{"id":7385,"holderId":9584,"status":"active","name":"Payphone #7385"}},{"type":"Feature","geometry":{"type":"Point","coordinates":[151.295761,-33.702571]},"properties":{"id":7390,"holderId":17926,"status":"active","name":"Payphone #7390"}},{"type":"Feature","geometry":{"type":"Point","coordinates":[150.976969,-33.803455]},"properties":{"id":7395,"holderId":6232,"status":"active","name":"Payphone #7395"}},{"type":"Feature","geometry":{"type":"Point","coordinates":[151.164056,-33.910901]},"properties":{"id":7396,"holderId":18487,"status":"active","name":"Payphone #7396"}},{"type":"Feature","geometry":{"type":"Point","coordinates":[150.930919,-33.889448]},"properties":{"id":7398,"holderId":17663,"status":"active","name":"Payphone #7398"}},{"type":"Feature","geometry":{"type":"Point","coordinates":[150.992317,-33.832781]},"properties":{"id":7401,"holderId":6232,"status":"active","name":"Payphone #7401"}},{"type":"Feature","geometry":{"type":"Point","coordinates":[151.10310452801443,-33.908894]},"properties":{"id":7402,"holderId":18307,"status":"active","name":"Payphone #7402"}},{"type":"Feature","geometry":{"type":"Point","coordinates":[150.799051,-34.10099]},"properties":{"id":7407,"holderId":12308,"status":"active","name":"Payphone #7407"}},{"type":"Feature","geometry":{"type":"Point","coordinates":[150.82049479067092,-33.76840366119106]},"properties":{"id":7444,"holderId":17663,"status":"active","name":"Payphone #7444"}},{"type":"Feature","geometry":{"type":"Point","coordinates":[151.239884,-33.913736]},"properties":{"id":7449,"holderId":17835,"status":"active","name":"Payphone #7449"}},{"type":"Feature","geometry":{"type":"Point","coordinates":[150.866212,-33.99847]},"properties":{"id":7460,"holderId":16091,"status":"active","name":"Payphone #7460"}},{"type":"Feature","geometry":{"type":"Point","coordinates":[151.129034,-33.732631]},"properties":{"id":7466,"holderId":7856,"status":"active","name":"Payphone #7466"}},{"type":"Feature","geometry":{"type":"Point","coordinates":[151.248972,-33.90781]},"properties":{"id":7473,"holderId":6643,"status":"active","name":"Payphone #7473"}},{"type":"Feature","geometry":{"type":"Point","coordinates":[151.106988,-33.769044]},"properties":{"id":7482,"holderId":17882,"status":"active","name":"Payphone #7482"}},{"type":"Feature","geometry":{"type":"Point","coordinates":[151.292234,-33.773305]},"properties":{"id":7488,"holderId":9819,"status":"active","name":"Payphone #7488"}},{"type":"Feature","geometry":{"type":"Point","coordinates":[151.180801,-33.797208]},"properties":{"id":7501,"holderId":13486,"status":"active","name":"Payphone #7501"}},{"type":"Feature","geometry":{"type":"Point","coordinates":[151.342223,-33.426053]},"properties":{"id":7509,"holderId":18733,"status":"active","name":"Payphone #7509"}},{"type":"Feature","geometry":{"type":"Point","coordinates":[151.138294,-33.79451]},"properties":{"id":7515,"holderId":6553,"status":"active","name":"Payphone #7515"}},{"type":"Feature","geometry":{"type":"Point","coordinates":[151.184145,-33.882691]},"properties":{"id":7520,"holderId":5,"status":"active","name":"Payphone #7520"}},{"type":"Feature","geometry":{"type":"Point","coordinates":[151.035151,-33.968083]},"properties":{"id":7524,"holderId":11233,"status":"active","name":"Payphone #7524"}},{"type":"Feature","geometry":{"type":"Point","coordinates":[150.841423,-33.749744]},"properties":{"id":7530,"holderId":4696,"status":"active","name":"Payphone #7530"}},{"type":"Feature","geometry":{"type":"Point","coordinates":[151.20566,-33.877923]},"properties":{"id":7533,"holderId":18055,"status":"active","name":"Payphone #7533"}},{"type":"Feature","geometry":{"type":"Point","coordinates":[150.923863,-33.691615]},"properties":{"id":7534,"holderId":930,"status":"active","name":"Payphone #7534"}},{"type":"Feature","geometry":{"type":"Point","coordinates":[151.2088387,-33.857866]},"properties":{"id":7536,"holderId":17553,"status":"active","name":"Payphone #7536"}},{"type":"Feature","geometry":{"type":"Point","coordinates":[151.084639,-34.037227]},"properties":{"id":7538,"holderId":13421,"status":"active","name":"Payphone #7538"}},{"type":"Feature","geometry":{"type":"Point","coordinates":[151.199906,-33.891657]},"properties":{"id":7539,"holderId":16728,"status":"active","name":"Payphone #7539"}},{"type":"Feature","geometry":{"type":"Point","coordinates":[150.696068,-33.75024]},"properties":{"id":7556,"holderId":12896,"status":"active","name":"Payphone #7556"}},{"type":"Feature","geometry":{"type":"Point","coordinates":[150.89723,-33.90196]},"properties":{"id":7557,"holderId":18441,"status":"active","name":"Payphone #7557"}},{"type":"Feature","geometry":{"type":"Point","coordinates":[151.216696,-33.877515]},"properties":{"id":7562,"holderId":51,"status":"active","name":"Payphone #7562"}},{"type":"Feature","geometry":{"type":"Point","coordinates":[151.071166,-34.03415]},"properties":{"id":7566,"holderId":12275,"status":"active","name":"Payphone #7566"}},{"type":"Feature","geometry":{"type":"Point","coordinates":[151.011785,-33.815821]},"properties":{"id":7575,"holderId":51,"status":"active","name":"Payphone #7575"}},{"type":"Feature","geometry":{"type":"Point","coordinates":[151.216923,-33.907217]},"properties":{"id":7580,"holderId":18276,"status":"active","name":"Payphone #7580"}},{"type":"Feature","geometry":{"type":"Point","coordinates":[150.821541,-33.750935]},"properties":{"id":7582,"holderId":4696,"status":"active","name":"Payphone #7582"}},{"type":"Feature","geometry":{"type":"Point","coordinates":[151.20564,-33.878914]},"properties":{"id":7588,"holderId":12935,"status":"active","name":"Payphone #7588"}},{"type":"Feature","geometry":{"type":"Point","coordinates":[151.065935,-33.846528]},"properties":{"id":7592,"holderId":16187,"status":"active","name":"Payphone #7592"}},{"type":"Feature","geometry":{"type":"Point","coordinates":[150.92350147754127,-33.923472]},"properties":{"id":7602,"holderId":4870,"status":"active","name":"Payphone #7602"}},{"type":"Feature","geometry":{"type":"Point","coordinates":[150.865231,-33.997856]},"properties":{"id":7608,"holderId":16091,"status":"active","name":"Payphone #7608"}},{"type":"Feature","geometry":{"type":"Point","coordinates":[150.907807,-33.76889]},"properties":{"id":7609,"holderId":17663,"status":"active","name":"Payphone #7609"}},{"type":"Feature","geometry":{"type":"Point","coordinates":[150.984623,-33.814757]},"properties":{"id":7611,"holderId":4696,"status":"active","name":"Payphone #7611"}},{"type":"Feature","geometry":{"type":"Point","coordinates":[151.20987,-33.76501]},"properties":{"id":7620,"holderId":18088,"status":"active","name":"Payphone #7620"}},{"type":"Feature","geometry":{"type":"Point","coordinates":[151.114771,-33.883257]},"properties":{"id":7630,"holderId":52,"status":"active","name":"Payphone #7630"}},{"type":"Feature","geometry":{"type":"Point","coordinates":[150.813958,-33.918729]},"properties":{"id":7636,"holderId":4870,"status":"active","name":"Payphone #7636"}},{"type":"Feature","geometry":{"type":"Point","coordinates":[150.667706,-33.788209]},"properties":{"id":7640,"holderId":7694,"status":"active","name":"Payphone #7640"}},{"type":"Feature","geometry":{"type":"Point","coordinates":[151.119715,-33.912118]},"properties":{"id":7644,"holderId":17615,"status":"active","name":"Payphone #7644"}},{"type":"Feature","geometry":{"type":"Point","coordinates":[151.20639,-33.61605]},"properties":{"id":7646,"holderId":17170,"status":"active","name":"Payphone #7646"}},{"type":"Feature","geometry":{"type":"Point","coordinates":[151.207033,-33.865037]},"properties":{"id":7654,"holderId":18428,"status":"active","name":"Payphone #7654"}},{"type":"Feature","geometry":{"type":"Point","coordinates":[151.335375,-33.513444]},"properties":{"id":7657,"holderId":9097,"status":"active","name":"Payphone #7657"}},{"type":"Feature","geometry":{"type":"Point","coordinates":[151.192099,-33.832562]},"properties":{"id":7673,"holderId":17880,"status":"active","name":"Payphone #7673"}},{"type":"Feature","geometry":{"type":"Point","coordinates":[151.18255,-33.85775]},"properties":{"id":7679,"holderId":6232,"status":"active","name":"Payphone #7679"}},{"type":"Feature","geometry":{"type":"Point","coordinates":[151.191671,-33.82105]},"properties":{"id":7680,"holderId":18294,"status":"active","name":"Payphone #7680"}},{"type":"Feature","geometry":{"type":"Point","coordinates":[151.15256547288445,-34.053091]},"properties":{"id":7682,"holderId":14106,"status":"active","name":"Payphone #7682"}},{"type":"Feature","geometry":{"type":"Point","coordinates":[150.9271284779126,-33.924446]},"properties":{"id":7686,"holderId":4870,"status":"active","name":"Payphone #7686"}},{"type":"Feature","geometry":{"type":"Point","coordinates":[150.917414,-33.919065]},"properties":{"id":7700,"holderId":5340,"status":"active","name":"Payphone #7700"}},{"type":"Feature","geometry":{"type":"Point","coordinates":[150.701614,-33.753295]},"properties":{"id":7704,"holderId":17663,"status":"active","name":"Payphone #7704"}},{"type":"Feature","geometry":{"type":"Point","coordinates":[151.169411,-33.864393]},"properties":{"id":7706,"holderId":6232,"status":"active","name":"Payphone #7706"}},{"type":"Feature","geometry":{"type":"Point","coordinates":[151.292131,-33.603297]},"properties":{"id":7708,"holderId":18674,"status":"active","name":"Payphone #7708"}},{"type":"Feature","geometry":{"type":"Point","coordinates":[150.924647,-33.883659]},"properties":{"id":7711,"holderId":7496,"status":"active","name":"Payphone #7711"}},{"type":"Feature","geometry":{"type":"Point","coordinates":[150.899149,-33.915455]},"properties":{"id":7724,"holderId":4870,"status":"active","name":"Payphone #7724"}},{"type":"Feature","geometry":{"type":"Point","coordinates":[151.005784,-34.033151]},"properties":{"id":7726,"holderId":17548,"status":"active","name":"Payphone #7726"}},{"type":"Feature","geometry":{"type":"Point","coordinates":[151.211572,-33.924651]},"properties":{"id":7728,"holderId":18276,"status":"active","name":"Payphone #7728"}},{"type":"Feature","geometry":{"type":"Point","coordinates":[150.972015,-33.807282]},"properties":{"id":7731,"holderId":17663,"status":"active","name":"Payphone #7731"}},{"type":"Feature","geometry":{"type":"Point","coordinates":[151.206446,-33.879199]},"properties":{"id":7736,"holderId":14164,"status":"active","name":"Payphone #7736"}},{"type":"Feature","geometry":{"type":"Point","coordinates":[151.16209,-33.81394]},"properties":{"id":7737,"holderId":18865,"status":"active","name":"Payphone #7737"}},{"type":"Feature","geometry":{"type":"Point","coordinates":[151.10747,-33.85173]},"properties":{"id":7741,"holderId":18429,"status":"active","name":"Payphone #7741"}},{"type":"Feature","geometry":{"type":"Point","coordinates":[151.328245,-33.445971]},"properties":{"id":7744,"holderId":9097,"status":"active","name":"Payphone #7744"}},{"type":"Feature","geometry":{"type":"Point","coordinates":[150.91066,-33.93382]},"properties":{"id":7748,"holderId":4870,"status":"active","name":"Payphone #7748"}},{"type":"Feature","geometry":{"type":"Point","coordinates":[151.005902,-33.817753]},"properties":{"id":7750,"holderId":930,"status":"active","name":"Payphone #7750"}},{"type":"Feature","geometry":{"type":"Point","coordinates":[150.898234,-33.89235]},"properties":{"id":7783,"holderId":17663,"status":"active","name":"Payphone #7783"}},{"type":"Feature","geometry":{"type":"Point","coordinates":[151.155747,-33.852619]},"properties":{"id":7788,"holderId":4974,"status":"active","name":"Payphone #7788"}},{"type":"Feature","geometry":{"type":"Point","coordinates":[151.206593,-33.877985]},"properties":{"id":7792,"holderId":6240,"status":"active","name":"Payphone #7792"}},{"type":"Feature","geometry":{"type":"Point","coordinates":[151.22267,-33.872949]},"properties":{"id":7797,"holderId":7815,"status":"active","name":"Payphone #7797"}},{"type":"Feature","geometry":{"type":"Point","coordinates":[151.051182,-34.045169]},"properties":{"id":7809,"holderId":17548,"status":"active","name":"Payphone #7809"}},{"type":"Feature","geometry":{"type":"Point","coordinates":[151.009851,-33.832411]},"properties":{"id":7818,"holderId":5340,"status":"active","name":"Payphone #7818"}},{"type":"Feature","geometry":{"type":"Point","coordinates":[151.14648,-33.937332]},"properties":{"id":7822,"holderId":18822,"status":"active","name":"Payphone #7822"}},{"type":"Feature","geometry":{"type":"Point","coordinates":[151.078863,-33.889361]},"properties":{"id":7832,"holderId":18307,"status":"active","name":"Payphone #7832"}},{"type":"Feature","geometry":{"type":"Point","coordinates":[151.030744,-33.849679]},"properties":{"id":7860,"holderId":12308,"status":"active","name":"Payphone #7860"}},{"type":"Feature","geometry":{"type":"Point","coordinates":[151.121887,-34.043091]},"properties":{"id":7867,"holderId":18561,"status":"active","name":"Payphone #7867"}},{"type":"Feature","geometry":{"type":"Point","coordinates":[151.22166,-33.876039]},"properties":{"id":7890,"holderId":7815,"status":"active","name":"Payphone #7890"}},{"type":"Feature","geometry":{"type":"Point","coordinates":[151.210338,-33.869171]},"properties":{"id":7894,"holderId":7856,"status":"active","name":"Payphone #7894"}},{"type":"Feature","geometry":{"type":"Point","coordinates":[151.201944,-33.877463]},"properties":{"id":7895,"holderId":12977,"status":"active","name":"Payphone #7895"}},{"type":"Feature","geometry":{"type":"Point","coordinates":[151.2037664,-33.8584288]},"properties":{"id":7898,"holderId":17553,"status":"active","name":"Payphone #7898"}},{"type":"Feature","geometry":{"type":"Point","coordinates":[151.10274,-33.85419]},"properties":{"id":7916,"holderId":18429,"status":"active","name":"Payphone #7916"}},{"type":"Feature","geometry":{"type":"Point","coordinates":[151.182697,-33.800447]},"properties":{"id":7919,"holderId":18974,"status":"active","name":"Payphone #7919"}},{"type":"Feature","geometry":{"type":"Point","coordinates":[150.993095,-33.976474]},"properties":{"id":7929,"holderId":17548,"status":"active","name":"Payphone #7929"}},{"type":"Feature","geometry":{"type":"Point","coordinates":[151.235868,-33.920649]},"properties":{"id":7937,"holderId":18276,"status":"active","name":"Payphone #7937"}},{"type":"Feature","geometry":{"type":"Point","coordinates":[151.1033984942549,-33.967265]},"properties":{"id":7953,"holderId":18915,"status":"active","name":"Payphone #7953"}},{"type":"Feature","geometry":{"type":"Point","coordinates":[151.152513,-33.623102]},"properties":{"id":7959,"holderId":6116,"status":"active","name":"Payphone #7959"}},{"type":"Feature","geometry":{"type":"Point","coordinates":[151.320243,-33.59621]},"properties":{"id":7965,"holderId":18826,"status":"active","name":"Payphone #7965"}},{"type":"Feature","geometry":{"type":"Point","coordinates":[151.09434754181007,-33.872649]},"properties":{"id":7973,"holderId":18428,"status":"active","name":"Payphone #7973"}},{"type":"Feature","geometry":{"type":"Point","coordinates":[150.953139,-33.89754]},"properties":{"id":7975,"holderId":7496,"status":"active","name":"Payphone #7975"}},{"type":"Feature","geometry":{"type":"Point","coordinates":[151.244507,-33.979684]},"properties":{"id":7985,"holderId":4813,"status":"active","name":"Payphone #7985"}},{"type":"Feature","geometry":{"type":"Point","coordinates":[151.206677,-33.925332]},"properties":{"id":7996,"holderId":18276,"status":"active","name":"Payphone #7996"}},{"type":"Feature","geometry":{"type":"Point","coordinates":[151.250056,-33.765329]},"properties":{"id":8019,"holderId":9737,"status":"active","name":"Payphone #8019"}},{"type":"Feature","geometry":{"type":"Point","coordinates":[150.81070746677412,-34.06901]},"properties":{"id":8020,"holderId":13543,"status":"active","name":"Payphone #8020"}},{"type":"Feature","geometry":{"type":"Point","coordinates":[151.251522,-33.909886]},"properties":{"id":8023,"holderId":6643,"status":"active","name":"Payphone #8023"}},{"type":"Feature","geometry":{"type":"Point","coordinates":[151.208755,-33.864643]},"properties":{"id":8026,"holderId":12064,"status":"active","name":"Payphone #8026"}},{"type":"Feature","geometry":{"type":"Point","coordinates":[151.160852,-33.871202]},"properties":{"id":8027,"holderId":6232,"status":"active","name":"Payphone #8027"}},{"type":"Feature","geometry":{"type":"Point","coordinates":[151.136315,-33.951752]},"properties":{"id":8038,"holderId":52,"status":"active","name":"Payphone #8038"}},{"type":"Feature","geometry":{"type":"Point","coordinates":[151.214177,-33.883514]},"properties":{"id":8045,"holderId":14164,"status":"active","name":"Payphone #8045"}},{"type":"Feature","geometry":{"type":"Point","coordinates":[151.255942,-33.945827]},"properties":{"id":8050,"holderId":14971,"status":"active","name":"Payphone #8050"}},{"type":"Feature","geometry":{"type":"Point","coordinates":[150.689802,-33.750594]},"properties":{"id":8052,"holderId":7694,"status":"active","name":"Payphone #8052"}},{"type":"Feature","geometry":{"type":"Point","coordinates":[151.084816,-33.866559]},"properties":{"id":8054,"holderId":6232,"status":"active","name":"Payphone #8054"}},{"type":"Feature","geometry":{"type":"Point","coordinates":[151.166116,-33.936214]},"properties":{"id":8060,"holderId":17010,"status":"active","name":"Payphone #8060"}},{"type":"Feature","geometry":{"type":"Point","coordinates":[151.2251,-33.75015]},"properties":{"id":8071,"holderId":18088,"status":"active","name":"Payphone #8071"}},{"type":"Feature","geometry":{"type":"Point","coordinates":[151.080568,-33.790366]},"properties":{"id":8079,"holderId":17882,"status":"active","name":"Payphone #8079"}},{"type":"Feature","geometry":{"type":"Point","coordinates":[150.988042,-33.804815]},"properties":{"id":8084,"holderId":1903,"status":"active","name":"Payphone #8084"}},{"type":"Feature","geometry":{"type":"Point","coordinates":[150.822901,-33.764909]},"properties":{"id":8085,"holderId":17663,"status":"active","name":"Payphone #8085"}},{"type":"Feature","geometry":{"type":"Point","coordinates":[151.231293,-33.950498]},"properties":{"id":8097,"holderId":18276,"status":"active","name":"Payphone #8097"}},{"type":"Feature","geometry":{"type":"Point","coordinates":[150.51374,-34.07787]},"properties":{"id":8101,"holderId":7694,"status":"active","name":"Payphone #8101"}},{"type":"Feature","geometry":{"type":"Point","coordinates":[151.209849,-33.867002]},"properties":{"id":8116,"holderId":18531,"status":"active","name":"Payphone #8116"}},{"type":"Feature","geometry":{"type":"Point","coordinates":[151.252018,-33.892713]},"properties":{"id":8125,"holderId":6643,"status":"active","name":"Payphone #8125"}},{"type":"Feature","geometry":{"type":"Point","coordinates":[151.096548,-33.721471]},"properties":{"id":8131,"holderId":11137,"status":"active","name":"Payphone #8131"}},{"type":"Feature","geometry":{"type":"Point","coordinates":[151.123342,-33.808299]},"properties":{"id":8142,"holderId":2618,"status":"active","name":"Payphone #8142"}},{"type":"Feature","geometry":{"type":"Point","coordinates":[150.951825,-33.787163]},"properties":{"id":8143,"holderId":17663,"status":"active","name":"Payphone #8143"}},{"type":"Feature","geometry":{"type":"Point","coordinates":[150.99217755547133,-33.836693]},"properties":{"id":8144,"holderId":6232,"status":"active","name":"Payphone #8144"}},{"type":"Feature","geometry":{"type":"Point","coordinates":[151.020304,-33.69366]},"properties":{"id":8149,"holderId":5355,"status":"active","name":"Payphone #8149"}},{"type":"Feature","geometry":{"type":"Point","coordinates":[150.999978,-33.820643]},"properties":{"id":8151,"holderId":18441,"status":"active","name":"Payphone #8151"}},{"type":"Feature","geometry":{"type":"Point","coordinates":[150.886627,-33.727894]},"properties":{"id":8152,"holderId":6179,"status":"active","name":"Payphone #8152"}},{"type":"Feature","geometry":{"type":"Point","coordinates":[151.114629,-34.036796]},"properties":{"id":8165,"holderId":833,"status":"active","name":"Payphone #8165"}},{"type":"Feature","geometry":{"type":"Point","coordinates":[150.956424,-33.801454]},"properties":{"id":8166,"holderId":17663,"status":"active","name":"Payphone #8166"}},{"type":"Feature","geometry":{"type":"Point","coordinates":[151.082139,-33.790236]},"properties":{"id":8169,"holderId":15325,"status":"active","name":"Payphone #8169"}},{"type":"Feature","geometry":{"type":"Point","coordinates":[151.2071325,-33.8383338]},"properties":{"id":8172,"holderId":18088,"status":"active","name":"Payphone #8172"}},{"type":"Feature","geometry":{"type":"Point","coordinates":[151.318652,-33.466249]},"properties":{"id":8183,"holderId":9097,"status":"active","name":"Payphone #8183"}},{"type":"Feature","geometry":{"type":"Point","coordinates":[150.79630640974545,-33.744855]},"properties":{"id":8191,"holderId":17663,"status":"active","name":"Payphone #8191"}},{"type":"Feature","geometry":{"type":"Point","coordinates":[151.224141,-33.873529]},"properties":{"id":8198,"holderId":7815,"status":"active","name":"Payphone #8198"}},{"type":"Feature","geometry":{"type":"Point","coordinates":[151.156206,-33.87723]},"properties":{"id":8199,"holderId":6553,"status":"active","name":"Payphone #8199"}},{"type":"Feature","geometry":{"type":"Point","coordinates":[151.121525,-33.972495]},"properties":{"id":8202,"holderId":12307,"status":"active","name":"Payphone #8202"}},{"type":"Feature","geometry":{"type":"Point","coordinates":[151.064233,-34.016924]},"properties":{"id":8217,"holderId":833,"status":"active","name":"Payphone #8217"}},{"type":"Feature","geometry":{"type":"Point","coordinates":[151.111289,-33.702934]},"properties":{"id":8218,"holderId":18863,"status":"active","name":"Payphone #8218"}},{"type":"Feature","geometry":{"type":"Point","coordinates":[151.177958,-33.900137]},"properties":{"id":8222,"holderId":887,"status":"active","name":"Payphone #8222"}},{"type":"Feature","geometry":{"type":"Point","coordinates":[151.025513,-33.797471]},"properties":{"id":8223,"holderId":14852,"status":"active","name":"Payphone #8223"}},{"type":"Feature","geometry":{"type":"Point","coordinates":[151.043633,-33.864364]},"properties":{"id":8230,"holderId":3290,"status":"active","name":"Payphone #8230"}},{"type":"Feature","geometry":{"type":"Point","coordinates":[151.10436552650643,-33.912852]},"properties":{"id":8237,"holderId":52,"status":"active","name":"Payphone #8237"}},{"type":"Feature","geometry":{"type":"Point","coordinates":[151.34202,-33.4236]},"properties":{"id":8240,"holderId":5152,"status":"active","name":"Payphone #8240"}},{"type":"Feature","geometry":{"type":"Point","coordinates":[151.090243,-33.795851]},"properties":{"id":8244,"holderId":18196,"status":"active","name":"Payphone #8244"}},{"type":"Feature","geometry":{"type":"Point","coordinates":[151.198886,-33.884392]},"properties":{"id":8247,"holderId":6413,"status":"active","name":"Payphone #8247"}},{"type":"Feature","geometry":{"type":"Point","coordinates":[151.208172,-33.870698]},"properties":{"id":8251,"holderId":930,"status":"active","name":"Payphone #8251"}},{"type":"Feature","geometry":{"type":"Point","coordinates":[150.990947,-33.830676]},"properties":{"id":8254,"holderId":6232,"status":"active","name":"Payphone #8254"}},{"type":"Feature","geometry":{"type":"Point","coordinates":[151.205977,-33.877105]},"properties":{"id":8264,"holderId":12935,"status":"active","name":"Payphone #8264"}},{"type":"Feature","geometry":{"type":"Point","coordinates":[151.19964,-33.881569]},"properties":{"id":8265,"holderId":18410,"status":"active","name":"Payphone #8265"}},{"type":"Feature","geometry":{"type":"Point","coordinates":[150.937835,-33.895443]},"properties":{"id":8271,"holderId":18441,"status":"active","name":"Payphone #8271"}},{"type":"Feature","geometry":{"type":"Point","coordinates":[151.251408,-33.896136]},"properties":{"id":8273,"holderId":6643,"status":"active","name":"Payphone #8273"}},{"type":"Feature","geometry":{"type":"Point","coordinates":[150.972394,-33.806646]},"properties":{"id":8296,"holderId":17663,"status":"active","name":"Payphone #8296"}},{"type":"Feature","geometry":{"type":"Point","coordinates":[151.220838,-33.880253]},"properties":{"id":8298,"holderId":12922,"status":"active","name":"Payphone #8298"}},{"type":"Feature","geometry":{"type":"Point","coordinates":[151.032989,-33.872024]},"properties":{"id":8300,"holderId":12308,"status":"active","name":"Payphone #8300"}},{"type":"Feature","geometry":{"type":"Point","coordinates":[151.20247,-33.90624]},"properties":{"id":8302,"holderId":18276,"status":"active","name":"Payphone #8302"}},{"type":"Feature","geometry":{"type":"Point","coordinates":[150.907948,-33.767792]},"properties":{"id":8309,"holderId":26,"status":"active","name":"Payphone #8309"}},{"type":"Feature","geometry":{"type":"Point","coordinates":[150.970892,-33.864837]},"properties":{"id":8313,"holderId":17902,"status":"active","name":"Payphone #8313"}},{"type":"Feature","geometry":{"type":"Point","coordinates":[151.143198,-33.789932]},"properties":{"id":8321,"holderId":6553,"status":"active","name":"Payphone #8321"}},{"type":"Feature","geometry":{"type":"Point","coordinates":[151.070226,-33.80665]},"properties":{"id":8346,"holderId":6232,"status":"active","name":"Payphone #8346"}},{"type":"Feature","geometry":{"type":"Point","coordinates":[151.15508,-34.04769]},"properties":{"id":8353,"holderId":16605,"status":"active","name":"Payphone #8353"}},{"type":"Feature","geometry":{"type":"Point","coordinates":[151.152999,-33.90506]},"properties":{"id":8362,"holderId":18439,"status":"active","name":"Payphone #8362"}},{"type":"Feature","geometry":{"type":"Point","coordinates":[151.031869,-33.736765]},"properties":{"id":8364,"holderId":3720,"status":"active","name":"Payphone #8364"}},{"type":"Feature","geometry":{"type":"Point","coordinates":[151.20709245630587,-33.867694]},"properties":{"id":8382,"holderId":12064,"status":"active","name":"Payphone #8382"}},{"type":"Feature","geometry":{"type":"Point","coordinates":[150.975951,-33.882484]},"properties":{"id":8390,"holderId":18543,"status":"active","name":"Payphone #8390"}},{"type":"Feature","geometry":{"type":"Point","coordinates":[150.963542,-33.734431]},"properties":{"id":8391,"holderId":18782,"status":"active","name":"Payphone #8391"}},{"type":"Feature","geometry":{"type":"Point","coordinates":[151.0778264767674,-33.921442]},"properties":{"id":8400,"holderId":52,"status":"active","name":"Payphone #8400"}},{"type":"Feature","geometry":{"type":"Point","coordinates":[151.194071,-33.869443]},"properties":{"id":8411,"holderId":12688,"status":"active","name":"Payphone #8411"}},{"type":"Feature","geometry":{"type":"Point","coordinates":[151.226237,-33.916412]},"properties":{"id":8412,"holderId":18276,"status":"active","name":"Payphone #8412"}},{"type":"Feature","geometry":{"type":"Point","coordinates":[150.951811,-33.829532]},"properties":{"id":8429,"holderId":12688,"status":"active","name":"Payphone #8429"}},{"type":"Feature","geometry":{"type":"Point","coordinates":[151.276174,-33.889195]},"properties":{"id":8447,"holderId":6638,"status":"active","name":"Payphone #8447"}},{"type":"Feature","geometry":{"type":"Point","coordinates":[151.114611,-34.03733]},"properties":{"id":8451,"holderId":6808,"status":"active","name":"Payphone #8451"}},{"type":"Feature","geometry":{"type":"Point","coordinates":[151.13224,-33.891461]},"properties":{"id":8454,"holderId":12066,"status":"active","name":"Payphone #8454"}},{"type":"Feature","geometry":{"type":"Point","coordinates":[151.20042453866716,-33.880912]},"properties":{"id":8456,"holderId":9737,"status":"active","name":"Payphone #8456"}},{"type":"Feature","geometry":{"type":"Point","coordinates":[150.883239,-33.920189]},"properties":{"id":8460,"holderId":4870,"status":"active","name":"Payphone #8460"}},{"type":"Feature","geometry":{"type":"Point","coordinates":[150.86468,-33.997454]},"properties":{"id":8470,"holderId":16091,"status":"active","name":"Payphone #8470"}},{"type":"Feature","geometry":{"type":"Point","coordinates":[151.10357652679372,-33.912098]},"properties":{"id":8476,"holderId":18307,"status":"active","name":"Payphone #8476"}},{"type":"Feature","geometry":{"type":"Point","coordinates":[150.974648,-33.792027]},"properties":{"id":8506,"holderId":6547,"status":"active","name":"Payphone #8506"}},{"type":"Feature","geometry":{"type":"Point","coordinates":[151.15712,-33.88291]},"properties":{"id":8515,"holderId":11233,"status":"active","name":"Payphone #8515"}},{"type":"Feature","geometry":{"type":"Point","coordinates":[151.207584,-33.863595]},"properties":{"id":8516,"holderId":12064,"status":"active","name":"Payphone #8516"}},{"type":"Feature","geometry":{"type":"Point","coordinates":[151.034375,-33.917613]},"properties":{"id":8517,"holderId":4213,"status":"active","name":"Payphone #8517"}},{"type":"Feature","geometry":{"type":"Point","coordinates":[150.854845,-33.740285]},"properties":{"id":8523,"holderId":7966,"status":"active","name":"Payphone #8523"}},{"type":"Feature","geometry":{"type":"Point","coordinates":[151.211452,-33.8616771]},"properties":{"id":8525,"holderId":4213,"status":"active","name":"Payphone #8525"}},{"type":"Feature","geometry":{"type":"Point","coordinates":[151.206457,-33.898284]},"properties":{"id":8533,"holderId":52,"status":"active","name":"Payphone #8533"}},{"type":"Feature","geometry":{"type":"Point","coordinates":[150.99746,-33.82683]},"properties":{"id":8538,"holderId":18441,"status":"active","name":"Payphone #8538"}},{"type":"Feature","geometry":{"type":"Point","coordinates":[151.208241,-33.828742]},"properties":{"id":8539,"holderId":19011,"status":"active","name":"Payphone #8539"}},{"type":"Feature","geometry":{"type":"Point","coordinates":[151.233202,-33.907397]},"properties":{"id":8543,"holderId":18276,"status":"active","name":"Payphone #8543"}},{"type":"Feature","geometry":{"type":"Point","coordinates":[151.189088,-33.794463]},"properties":{"id":8551,"holderId":18974,"status":"active","name":"Payphone #8551"}},{"type":"Feature","geometry":{"type":"Point","coordinates":[150.86978,-33.763389]},"properties":{"id":8554,"holderId":17663,"status":"active","name":"Payphone #8554"}},{"type":"Feature","geometry":{"type":"Point","coordinates":[151.051982,-33.952742]},"properties":{"id":8567,"holderId":11233,"status":"active","name":"Payphone #8567"}},{"type":"Feature","geometry":{"type":"Point","coordinates":[151.2121863,-33.8613446]},"properties":{"id":8573,"holderId":4213,"status":"active","name":"Payphone #8573"}},{"type":"Feature","geometry":{"type":"Point","coordinates":[150.93624,-33.77427]},"properties":{"id":8576,"holderId":17663,"status":"active","name":"Payphone #8576"}},{"type":"Feature","geometry":{"type":"Point","coordinates":[151.250338,-33.927202]},"properties":{"id":8579,"holderId":7090,"status":"active","name":"Payphone #8579"}},{"type":"Feature","geometry":{"type":"Point","coordinates":[151.015019,-33.952467]},"properties":{"id":8580,"holderId":15802,"status":"active","name":"Payphone #8580"}},{"type":"Feature","geometry":{"type":"Point","coordinates":[151.24125247495613,-33.91669]},"properties":{"id":8582,"holderId":17835,"status":"active","name":"Payphone #8582"}},{"type":"Feature","geometry":{"type":"Point","coordinates":[151.000264,-33.886568]},"properties":{"id":8585,"holderId":12308,"status":"active","name":"Payphone #8585"}},{"type":"Feature","geometry":{"type":"Point","coordinates":[151.146971,-33.986033]},"properties":{"id":8597,"holderId":12307,"status":"active","name":"Payphone #8597"}},{"type":"Feature","geometry":{"type":"Point","coordinates":[150.52256,-33.498396]},"properties":{"id":8600,"holderId":13908,"status":"active","name":"Payphone #8600"}},{"type":"Feature","geometry":{"type":"Point","coordinates":[151.044725,-33.863486]},"properties":{"id":8605,"holderId":26,"status":"active","name":"Payphone #8605"}},{"type":"Feature","geometry":{"type":"Point","coordinates":[150.951621,-33.818221]},"properties":{"id":8609,"holderId":17663,"status":"active","name":"Payphone #8609"}},{"type":"Feature","geometry":{"type":"Point","coordinates":[151.14346147017622,-33.904144]},"properties":{"id":8610,"holderId":10143,"status":"active","name":"Payphone #8610"}},{"type":"Feature","geometry":{"type":"Point","coordinates":[150.876588,-33.772375]},"properties":{"id":8611,"holderId":17663,"status":"active","name":"Payphone #8611"}},{"type":"Feature","geometry":{"type":"Point","coordinates":[151.13413,-33.65642]},"properties":{"id":8626,"holderId":17553,"status":"active","name":"Payphone #8626"}},{"type":"Feature","geometry":{"type":"Point","coordinates":[151.183881,-33.876096]},"properties":{"id":8627,"holderId":14414,"status":"active","name":"Payphone #8627"}},{"type":"Feature","geometry":{"type":"Point","coordinates":[150.95384,-33.919276]},"properties":{"id":8632,"holderId":4870,"status":"active","name":"Payphone #8632"}},{"type":"Feature","geometry":{"type":"Point","coordinates":[151.18173,-33.796619]},"properties":{"id":8633,"holderId":3412,"status":"active","name":"Payphone #8633"}},{"type":"Feature","geometry":{"type":"Point","coordinates":[151.338946,-33.419992]},"properties":{"id":8644,"holderId":558,"status":"active","name":"Payphone #8644"}},{"type":"Feature","geometry":{"type":"Point","coordinates":[151.328531,-33.636134]},"properties":{"id":8668,"holderId":18826,"status":"active","name":"Payphone #8668"}},{"type":"Feature","geometry":{"type":"Point","coordinates":[150.943024,-33.88728]},"properties":{"id":8680,"holderId":14106,"status":"active","name":"Payphone #8680"}},{"type":"Feature","geometry":{"type":"Point","coordinates":[150.989435,-33.821392]},"properties":{"id":8682,"holderId":6232,"status":"active","name":"Payphone #8682"}},{"type":"Feature","geometry":{"type":"Point","coordinates":[150.860718,-33.678862]},"properties":{"id":8701,"holderId":13966,"status":"active","name":"Payphone #8701"}},{"type":"Feature","geometry":{"type":"Point","coordinates":[151.200796,-33.952781]},"properties":{"id":8705,"holderId":18398,"status":"active","name":"Payphone #8705"}},{"type":"Feature","geometry":{"type":"Point","coordinates":[150.974116,-33.876467]},"properties":{"id":8708,"holderId":18543,"status":"active","name":"Payphone #8708"}},{"type":"Feature","geometry":{"type":"Point","coordinates":[150.599763,-33.682001]},"properties":{"id":8713,"holderId":6240,"status":"active","name":"Payphone #8713"}},{"type":"Feature","geometry":{"type":"Point","coordinates":[151.094727,-33.87149894933525]},"properties":{"id":8714,"holderId":18428,"status":"active","name":"Payphone #8714"}},{"type":"Feature","geometry":{"type":"Point","coordinates":[150.70851,-34.05593]},"properties":{"id":8722,"holderId":17588,"status":"active","name":"Payphone #8722"}},{"type":"Feature","geometry":{"type":"Point","coordinates":[151.024774,-33.81146]},"properties":{"id":8723,"holderId":17902,"status":"active","name":"Payphone #8723"}},{"type":"Feature","geometry":{"type":"Point","coordinates":[151.137012,-33.952279]},"properties":{"id":8725,"holderId":2323,"status":"active","name":"Payphone #8725"}},{"type":"Feature","geometry":{"type":"Point","coordinates":[151.05168,-33.956758]},"properties":{"id":8728,"holderId":11233,"status":"active","name":"Payphone #8728"}},{"type":"Feature","geometry":{"type":"Point","coordinates":[151.050405,-33.714304]},"properties":{"id":8749,"holderId":4981,"status":"active","name":"Payphone #8749"}},{"type":"Feature","geometry":{"type":"Point","coordinates":[150.689139,-33.550785]},"properties":{"id":8763,"holderId":17170,"status":"active","name":"Payphone #8763"}},{"type":"Feature","geometry":{"type":"Point","coordinates":[151.057973,-33.764879]},"properties":{"id":8772,"holderId":7636,"status":"active","name":"Payphone #8772"}},{"type":"Feature","geometry":{"type":"Point","coordinates":[151.210112,-33.872976]},"properties":{"id":8774,"holderId":12785,"status":"active","name":"Payphone #8774"}},{"type":"Feature","geometry":{"type":"Point","coordinates":[151.291728,-33.755242]},"properties":{"id":8781,"holderId":9819,"status":"active","name":"Payphone #8781"}},{"type":"Feature","geometry":{"type":"Point","coordinates":[151.20702754369415,-33.867694]},"properties":{"id":8786,"holderId":12064,"status":"active","name":"Payphone #8786"}},{"type":"Feature","geometry":{"type":"Point","coordinates":[151.105638,-33.8137]},"properties":{"id":8789,"holderId":15408,"status":"active","name":"Payphone #8789"}},{"type":"Feature","geometry":{"type":"Point","coordinates":[151.176097,-33.838258]},"properties":{"id":8795,"holderId":2618,"status":"active","name":"Payphone #8795"}},{"type":"Feature","geometry":{"type":"Point","coordinates":[150.74456,-33.605352]},"properties":{"id":8800,"holderId":4696,"status":"active","name":"Payphone #8800"}},{"type":"Feature","geometry":{"type":"Point","coordinates":[151.17011,-33.81348]},"properties":{"id":8801,"holderId":8604,"status":"active","name":"Payphone #8801"}},{"type":"Feature","geometry":{"type":"Point","coordinates":[151.267058,-33.782756]},"properties":{"id":8820,"holderId":17575,"status":"active","name":"Payphone #8820"}},{"type":"Feature","geometry":{"type":"Point","coordinates":[150.947531,-33.487078]},"properties":{"id":8832,"holderId":17663,"status":"active","name":"Payphone #8832"}},{"type":"Feature","geometry":{"type":"Point","coordinates":[151.208871,-33.89175]},"properties":{"id":8840,"holderId":14414,"status":"active","name":"Payphone #8840"}},{"type":"Feature","geometry":{"type":"Point","coordinates":[151.15651852748945,-33.910272]},"properties":{"id":8849,"holderId":18439,"status":"active","name":"Payphone #8849"}},{"type":"Feature","geometry":{"type":"Point","coordinates":[150.994374,-34.134532]},"properties":{"id":8851,"holderId":13048,"status":"active","name":"Payphone #8851"}},{"type":"Feature","geometry":{"type":"Point","coordinates":[151.2079176,-33.8589771]},"properties":{"id":8867,"holderId":17553,"status":"active","name":"Payphone #8867"}},{"type":"Feature","geometry":{"type":"Point","coordinates":[151.09066143343284,-33.807442]},"properties":{"id":8882,"holderId":2618,"status":"active","name":"Payphone #8882"}},{"type":"Feature","geometry":{"type":"Point","coordinates":[151.210578,-33.890166]},"properties":{"id":8892,"holderId":14414,"status":"active","name":"Payphone #8892"}},{"type":"Feature","geometry":{"type":"Point","coordinates":[150.925174,-33.920398]},"properties":{"id":8903,"holderId":4870,"status":"active","name":"Payphone #8903"}},{"type":"Feature","geometry":{"type":"Point","coordinates":[150.899833,-33.784262]},"properties":{"id":8904,"holderId":17663,"status":"active","name":"Payphone #8904"}},{"type":"Feature","geometry":{"type":"Point","coordinates":[150.989136,-33.837156]},"properties":{"id":8905,"holderId":18050,"status":"active","name":"Payphone #8905"}},{"type":"Feature","geometry":{"type":"Point","coordinates":[151.210801,-33.882488]},"properties":{"id":8909,"holderId":12064,"status":"active","name":"Payphone #8909"}},{"type":"Feature","geometry":{"type":"Point","coordinates":[151.272006,-33.762029]},"properties":{"id":8919,"holderId":17170,"status":"active","name":"Payphone #8919"}},{"type":"Feature","geometry":{"type":"Point","coordinates":[150.9270797610437,-33.92442266119106]},"properties":{"id":8926,"holderId":4870,"status":"active","name":"Payphone #8926"}},{"type":"Feature","geometry":{"type":"Point","coordinates":[151.20799945932362,-33.87563]},"properties":{"id":8937,"holderId":18822,"status":"active","name":"Payphone #8937"}},{"type":"Feature","geometry":{"type":"Point","coordinates":[151.20749,-33.884152]},"properties":{"id":8975,"holderId":18055,"status":"active","name":"Payphone #8975"}},{"type":"Feature","geometry":{"type":"Point","coordinates":[151.001844,-33.698349]},"properties":{"id":8979,"holderId":5355,"status":"active","name":"Payphone #8979"}},{"type":"Feature","geometry":{"type":"Point","coordinates":[150.820096,-33.621706]},"properties":{"id":8981,"holderId":4696,"status":"active","name":"Payphone #8981"}},{"type":"Feature","geometry":{"type":"Point","coordinates":[151.249706,-33.893224]},"properties":{"id":9003,"holderId":6643,"status":"active","name":"Payphone #9003"}},{"type":"Feature","geometry":{"type":"Point","coordinates":[151.221477,-33.877602]},"properties":{"id":9018,"holderId":14599,"status":"active","name":"Payphone #9018"}},{"type":"Feature","geometry":{"type":"Point","coordinates":[151.00733,-33.60112]},"properties":{"id":9029,"holderId":18340,"status":"active","name":"Payphone #9029"}},{"type":"Feature","geometry":{"type":"Point","coordinates":[151.200321,-33.826073]},"properties":{"id":9035,"holderId":19011,"status":"active","name":"Payphone #9035"}},{"type":"Feature","geometry":{"type":"Point","coordinates":[150.8998554102522,-33.746196]},"properties":{"id":9041,"holderId":17663,"status":"active","name":"Payphone #9041"}},{"type":"Feature","geometry":{"type":"Point","coordinates":[151.065545,-33.749631]},"properties":{"id":9043,"holderId":887,"status":"active","name":"Payphone #9043"}},{"type":"Feature","geometry":{"type":"Point","coordinates":[151.286483,-33.797103]},"properties":{"id":9053,"holderId":4213,"status":"active","name":"Payphone #9053"}},{"type":"Feature","geometry":{"type":"Point","coordinates":[151.09937,-34.03188]},"properties":{"id":9056,"holderId":17722,"status":"active","name":"Payphone #9056"}},{"type":"Feature","geometry":{"type":"Point","coordinates":[151.070675,-33.947676]},"properties":{"id":9058,"holderId":11233,"status":"active","name":"Payphone #9058"}},{"type":"Feature","geometry":{"type":"Point","coordinates":[151.109361,-33.927717]},"properties":{"id":9066,"holderId":11233,"status":"active","name":"Payphone #9066"}},{"type":"Feature","geometry":{"type":"Point","coordinates":[150.810793,-34.044364]},"properties":{"id":9070,"holderId":17588,"status":"active","name":"Payphone #9070"}},{"type":"Feature","geometry":{"type":"Point","coordinates":[151.15154,-34.055559]},"properties":{"id":9074,"holderId":14283,"status":"active","name":"Payphone #9074"}},{"type":"Feature","geometry":{"type":"Point","coordinates":[151.086771,-33.786234]},"properties":{"id":9076,"holderId":17882,"status":"active","name":"Payphone #9076"}},{"type":"Feature","geometry":{"type":"Point","coordinates":[151.135984,-33.984055]},"properties":{"id":9078,"holderId":12307,"status":"active","name":"Payphone #9078"}},{"type":"Feature","geometry":{"type":"Point","coordinates":[150.994613,-33.793671]},"properties":{"id":9095,"holderId":6547,"status":"active","name":"Payphone #9095"}},{"type":"Feature","geometry":{"type":"Point","coordinates":[151.207005,-33.869069]},"properties":{"id":9096,"holderId":12935,"status":"active","name":"Payphone #9096"}},{"type":"Feature","geometry":{"type":"Point","coordinates":[150.806177,-33.729572]},"properties":{"id":9108,"holderId":4696,"status":"active","name":"Payphone #9108"}},{"type":"Feature","geometry":{"type":"Point","coordinates":[151.23829,-33.916813]},"properties":{"id":9113,"holderId":17822,"status":"active","name":"Payphone #9113"}},{"type":"Feature","geometry":{"type":"Point","coordinates":[150.880979,-33.744451]},"properties":{"id":9126,"holderId":17663,"status":"active","name":"Payphone #9126"}},{"type":"Feature","geometry":{"type":"Point","coordinates":[150.83047,-33.626638]},"properties":{"id":9127,"holderId":5340,"status":"active","name":"Payphone #9127"}},{"type":"Feature","geometry":{"type":"Point","coordinates":[151.133347,-33.967524]},"properties":{"id":9136,"holderId":12307,"status":"active","name":"Payphone #9136"}},{"type":"Feature","geometry":{"type":"Point","coordinates":[151.061317,-33.892941]},"properties":{"id":9139,"holderId":12308,"status":"active","name":"Payphone #9139"}},{"type":"Feature","geometry":{"type":"Point","coordinates":[151.031966,-33.850356]},"properties":{"id":9163,"holderId":12308,"status":"active","name":"Payphone #9163"}},{"type":"Feature","geometry":{"type":"Point","coordinates":[151.205467,-33.874022]},"properties":{"id":9164,"holderId":5102,"status":"active","name":"Payphone #9164"}},{"type":"Feature","geometry":{"type":"Point","coordinates":[151.227417,-33.922802]},"properties":{"id":9166,"holderId":15784,"status":"active","name":"Payphone #9166"}},{"type":"Feature","geometry":{"type":"Point","coordinates":[151.39503,-33.439439]},"properties":{"id":9178,"holderId":7383,"status":"active","name":"Payphone #9178"}},{"type":"Feature","geometry":{"type":"Point","coordinates":[150.695018,-34.054719]},"properties":{"id":9183,"holderId":18742,"status":"active","name":"Payphone #9183"}},{"type":"Feature","geometry":{"type":"Point","coordinates":[151.164192,-33.893164]},"properties":{"id":9185,"holderId":887,"status":"active","name":"Payphone #9185"}},{"type":"Feature","geometry":{"type":"Point","coordinates":[151.009532,-33.809334]},"properties":{"id":9193,"holderId":18898,"status":"active","name":"Payphone #9193"}},{"type":"Feature","geometry":{"type":"Point","coordinates":[151.194125,-33.931314]},"properties":{"id":9198,"holderId":879,"status":"active","name":"Payphone #9198"}},{"type":"Feature","geometry":{"type":"Point","coordinates":[150.903795,-33.882315]},"properties":{"id":9204,"holderId":17663,"status":"active","name":"Payphone #9204"}},{"type":"Feature","geometry":{"type":"Point","coordinates":[151.102756,-33.913066]},"properties":{"id":9232,"holderId":52,"status":"active","name":"Payphone #9232"}},{"type":"Feature","geometry":{"type":"Point","coordinates":[151.243235,-33.911195]},"properties":{"id":9234,"holderId":17760,"status":"active","name":"Payphone #9234"}},{"type":"Feature","geometry":{"type":"Point","coordinates":[151.05731,-33.90689]},"properties":{"id":9240,"holderId":11233,"status":"active","name":"Payphone #9240"}},{"type":"Feature","geometry":{"type":"Point","coordinates":[151.207813,-33.833571]},"properties":{"id":9246,"holderId":19011,"status":"active","name":"Payphone #9246"}},{"type":"Feature","geometry":{"type":"Point","coordinates":[151.00505,-33.79801]},"properties":{"id":9284,"holderId":18898,"status":"active","name":"Payphone #9284"}},{"type":"Feature","geometry":{"type":"Point","coordinates":[151.079071,-33.792127]},"properties":{"id":9286,"holderId":17882,"status":"active","name":"Payphone #9286"}},{"type":"Feature","geometry":{"type":"Point","coordinates":[151.130435,-33.783415]},"properties":{"id":9288,"holderId":1257,"status":"active","name":"Payphone #9288"}},{"type":"Feature","geometry":{"type":"Point","coordinates":[151.209033,-33.870663]},"properties":{"id":9291,"holderId":6553,"status":"active","name":"Payphone #9291"}},{"type":"Feature","geometry":{"type":"Point","coordinates":[151.129409,-33.868516]},"properties":{"id":9292,"holderId":6232,"status":"active","name":"Payphone #9292"}},{"type":"Feature","geometry":{"type":"Point","coordinates":[151.080985,-33.773242]},"properties":{"id":9293,"holderId":17882,"status":"active","name":"Payphone #9293"}},{"type":"Feature","geometry":{"type":"Point","coordinates":[151.102115,-33.966359]},"properties":{"id":9310,"holderId":18915,"status":"active","name":"Payphone #9310"}},{"type":"Feature","geometry":{"type":"Point","coordinates":[150.7021,-33.766859]},"properties":{"id":9324,"holderId":7694,"status":"active","name":"Payphone #9324"}},{"type":"Feature","geometry":{"type":"Point","coordinates":[151.034095,-33.953628]},"properties":{"id":9329,"holderId":11233,"status":"active","name":"Payphone #9329"}},{"type":"Feature","geometry":{"type":"Point","coordinates":[150.93580557921342,-33.774052]},"properties":{"id":9332,"holderId":16187,"status":"active","name":"Payphone #9332"}},{"type":"Feature","geometry":{"type":"Point","coordinates":[150.86784,-33.91738]},"properties":{"id":9340,"holderId":4870,"status":"active","name":"Payphone #9340"}},{"type":"Feature","geometry":{"type":"Point","coordinates":[151.094449,-33.784101]},"properties":{"id":9341,"holderId":17882,"status":"active","name":"Payphone #9341"}},{"type":"Feature","geometry":{"type":"Point","coordinates":[151.205551,-33.866556]},"properties":{"id":9345,"holderId":6553,"status":"active","name":"Payphone #9345"}},{"type":"Feature","geometry":{"type":"Point","coordinates":[151.044578,-33.79635]},"properties":{"id":9351,"holderId":17902,"status":"active","name":"Payphone #9351"}},{"type":"Feature","geometry":{"type":"Point","coordinates":[151.204343,-33.880313]},"properties":{"id":9363,"holderId":18055,"status":"active","name":"Payphone #9363"}},{"type":"Feature","geometry":{"type":"Point","coordinates":[151.157455,-33.886331]},"properties":{"id":9365,"holderId":9144,"status":"active","name":"Payphone #9365"}},{"type":"Feature","geometry":{"type":"Point","coordinates":[151.01593,-33.96336]},"properties":{"id":9376,"holderId":15802,"status":"active","name":"Payphone #9376"}},{"type":"Feature","geometry":{"type":"Point","coordinates":[151.223545,-33.831151]},"properties":{"id":9386,"holderId":18410,"status":"active","name":"Payphone #9386"}},{"type":"Feature","geometry":{"type":"Point","coordinates":[151.0045,-33.89615]},"properties":{"id":9407,"holderId":12308,"status":"active","name":"Payphone #9407"}},{"type":"Feature","geometry":{"type":"Point","coordinates":[151.257066,-33.920218]},"properties":{"id":9408,"holderId":6638,"status":"active","name":"Payphone #9408"}},{"type":"Feature","geometry":{"type":"Point","coordinates":[151.122085,-33.794916]},"properties":{"id":9416,"holderId":6553,"status":"active","name":"Payphone #9416"}},{"type":"Feature","geometry":{"type":"Point","coordinates":[150.906353,-33.949319]},"properties":{"id":9417,"holderId":4870,"status":"active","name":"Payphone #9417"}},{"type":"Feature","geometry":{"type":"Point","coordinates":[151.09797,-33.70344]},"properties":{"id":9422,"holderId":17015,"status":"active","name":"Payphone #9422"}},{"type":"Feature","geometry":{"type":"Point","coordinates":[150.695694,-33.75104]},"properties":{"id":9426,"holderId":12896,"status":"active","name":"Payphone #9426"}},{"type":"Feature","geometry":{"type":"Point","coordinates":[151.256227,-33.893018]},"properties":{"id":9427,"holderId":6643,"status":"active","name":"Payphone #9427"}},{"type":"Feature","geometry":{"type":"Point","coordinates":[151.313184,-33.646748]},"properties":{"id":9433,"holderId":18826,"status":"active","name":"Payphone #9433"}},{"type":"Feature","geometry":{"type":"Point","coordinates":[151.317755,-33.514754]},"properties":{"id":9452,"holderId":9097,"status":"active","name":"Payphone #9452"}},{"type":"Feature","geometry":{"type":"Point","coordinates":[150.842649,-34.027329]},"properties":{"id":9460,"holderId":12308,"status":"active","name":"Payphone #9460"}},{"type":"Feature","geometry":{"type":"Point","coordinates":[151.20763645702863,-33.869595]},"properties":{"id":9467,"holderId":8604,"status":"active","name":"Payphone #9467"}},{"type":"Feature","geometry":{"type":"Point","coordinates":[150.896057,-33.931707]},"properties":{"id":9473,"holderId":4870,"status":"active","name":"Payphone #9473"}},{"type":"Feature","geometry":{"type":"Point","coordinates":[151.102363,-33.79549]},"properties":{"id":9487,"holderId":15408,"status":"active","name":"Payphone #9487"}},{"type":"Feature","geometry":{"type":"Point","coordinates":[151.10137260561265,-33.704172]},"properties":{"id":9493,"holderId":5962,"status":"active","name":"Payphone #9493"}},{"type":"Feature","geometry":{"type":"Point","coordinates":[151.309522,-33.487993]},"properties":{"id":9495,"holderId":9097,"status":"active","name":"Payphone #9495"}},{"type":"Feature","geometry":{"type":"Point","coordinates":[151.19699,-33.94453]},"properties":{"id":9499,"holderId":5489,"status":"active","name":"Payphone #9499"}},{"type":"Feature","geometry":{"type":"Point","coordinates":[151.133804,-33.905315]},"properties":{"id":9507,"holderId":6232,"status":"active","name":"Payphone #9507"}},{"type":"Feature","geometry":{"type":"Point","coordinates":[150.814287,-34.063716]},"properties":{"id":9514,"holderId":16091,"status":"active","name":"Payphone #9514"}},{"type":"Feature","geometry":{"type":"Point","coordinates":[151.208425,-33.868252]},"properties":{"id":9517,"holderId":18181,"status":"active","name":"Payphone #9517"}},{"type":"Feature","geometry":{"type":"Point","coordinates":[150.817647,-34.063042]},"properties":{"id":9523,"holderId":12308,"status":"active","name":"Payphone #9523"}},{"type":"Feature","geometry":{"type":"Point","coordinates":[150.866324,-33.6686]},"properties":{"id":9531,"holderId":18670,"status":"active","name":"Payphone #9531"}},{"type":"Feature","geometry":{"type":"Point","coordinates":[151.230575,-33.827858]},"properties":{"id":9532,"holderId":16107,"status":"active","name":"Payphone #9532"}},{"type":"Feature","geometry":{"type":"Point","coordinates":[150.758676,-34.048329]},"properties":{"id":9545,"holderId":17588,"status":"active","name":"Payphone #9545"}},{"type":"Feature","geometry":{"type":"Point","coordinates":[151.00623040481753,-33.73181]},"properties":{"id":9558,"holderId":930,"status":"active","name":"Payphone #9558"}},{"type":"Feature","geometry":{"type":"Point","coordinates":[151.033539,-33.804226]},"properties":{"id":9561,"holderId":51,"status":"active","name":"Payphone #9561"}},{"type":"Feature","geometry":{"type":"Point","coordinates":[151.206236,-33.870521]},"properties":{"id":9562,"holderId":930,"status":"active","name":"Payphone #9562"}},{"type":"Feature","geometry":{"type":"Point","coordinates":[150.621902,-33.766799]},"properties":{"id":9570,"holderId":18181,"status":"active","name":"Payphone #9570"}},{"type":"Feature","geometry":{"type":"Point","coordinates":[151.218606,-33.87893]},"properties":{"id":9577,"holderId":7815,"status":"active","name":"Payphone #9577"}},{"type":"Feature","geometry":{"type":"Point","coordinates":[150.750896,-33.770117]},"properties":{"id":9579,"holderId":7694,"status":"active","name":"Payphone #9579"}},{"type":"Feature","geometry":{"type":"Point","coordinates":[150.932964,-33.884995]},"properties":{"id":9585,"holderId":17663,"status":"active","name":"Payphone #9585"}},{"type":"Feature","geometry":{"type":"Point","coordinates":[151.166378,-33.915874]},"properties":{"id":9592,"holderId":16728,"status":"active","name":"Payphone #9592"}},{"type":"Feature","geometry":{"type":"Point","coordinates":[151.093096,-33.903327]},"properties":{"id":9607,"holderId":18307,"status":"active","name":"Payphone #9607"}},{"type":"Feature","geometry":{"type":"Point","coordinates":[150.938732,-33.894881]},"properties":{"id":9609,"holderId":18441,"status":"active","name":"Payphone #9609"}},{"type":"Feature","geometry":{"type":"Point","coordinates":[151.20594976905033,-33.88237766119106]},"properties":{"id":9611,"holderId":18055,"status":"active","name":"Payphone #9611"}},{"type":"Feature","geometry":{"type":"Point","coordinates":[150.958854,-33.813373]},"properties":{"id":9627,"holderId":17663,"status":"active","name":"Payphone #9627"}},{"type":"Feature","geometry":{"type":"Point","coordinates":[151.352024,-33.405633]},"properties":{"id":9628,"holderId":558,"status":"active","name":"Payphone #9628"}},{"type":"Feature","geometry":{"type":"Point","coordinates":[151.214201,-33.875621]},"properties":{"id":9648,"holderId":6553,"status":"active","name":"Payphone #9648"}},{"type":"Feature","geometry":{"type":"Point","coordinates":[151.13264750700773,-33.96396]},"properties":{"id":9652,"holderId":12307,"status":"active","name":"Payphone #9652"}},{"type":"Feature","geometry":{"type":"Point","coordinates":[151.240811,-33.87714]},"properties":{"id":9655,"holderId":12785,"status":"active","name":"Payphone #9655"}},{"type":"Feature","geometry":{"type":"Point","coordinates":[151.32374931239667,-33.485586]},"properties":{"id":9665,"holderId":6116,"status":"active","name":"Payphone #9665"}},{"type":"Feature","geometry":{"type":"Point","coordinates":[151.081102,-34.006966]},"properties":{"id":9674,"holderId":17548,"status":"active","name":"Payphone #9674"}},{"type":"Feature","geometry":{"type":"Point","coordinates":[151.209012,-33.873249]},"properties":{"id":9681,"holderId":18055,"status":"active","name":"Payphone #9681"}},{"type":"Feature","geometry":{"type":"Point","coordinates":[150.849447,-34.030057]},"properties":{"id":9694,"holderId":12308,"status":"active","name":"Payphone #9694"}},{"type":"Feature","geometry":{"type":"Point","coordinates":[151.147068,-33.713414]},"properties":{"id":9697,"holderId":9737,"status":"active","name":"Payphone #9697"}},{"type":"Feature","geometry":{"type":"Point","coordinates":[150.99374,-34.13319]},"properties":{"id":9704,"holderId":13048,"status":"active","name":"Payphone #9704"}},{"type":"Feature","geometry":{"type":"Point","coordinates":[151.038387,-33.847607]},"properties":{"id":9708,"holderId":5102,"status":"active","name":"Payphone #9708"}},{"type":"Feature","geometry":{"type":"Point","coordinates":[151.101202,-33.965929]},"properties":{"id":9721,"holderId":8604,"status":"active","name":"Payphone #9721"}},{"type":"Feature","geometry":{"type":"Point","coordinates":[151.030868,-33.871946]},"properties":{"id":9723,"holderId":12308,"status":"active","name":"Payphone #9723"}},{"type":"Feature","geometry":{"type":"Point","coordinates":[150.92762247798314,-33.924631]},"properties":{"id":9724,"holderId":4870,"status":"active","name":"Payphone #9724"}},{"type":"Feature","geometry":{"type":"Point","coordinates":[151.033777,-33.849391]},"properties":{"id":9726,"holderId":3290,"status":"active","name":"Payphone #9726"}},{"type":"Feature","geometry":{"type":"Point","coordinates":[151.210701,-33.867462]},"properties":{"id":9733,"holderId":17835,"status":"active","name":"Payphone #9733"}},{"type":"Feature","geometry":{"type":"Point","coordinates":[150.9360534209792,-33.774561]},"properties":{"id":9736,"holderId":16187,"status":"active","name":"Payphone #9736"}},{"type":"Feature","geometry":{"type":"Point","coordinates":[150.773785,-33.76866]},"properties":{"id":9743,"holderId":7694,"status":"active","name":"Payphone #9743"}},{"type":"Feature","geometry":{"type":"Point","coordinates":[151.081722,-33.79154]},"properties":{"id":9751,"holderId":17882,"status":"active","name":"Payphone #9751"}},{"type":"Feature","geometry":{"type":"Point","coordinates":[151.0058695624893,-33.818197]},"properties":{"id":9759,"holderId":18441,"status":"active","name":"Payphone #9759"}},{"type":"Feature","geometry":{"type":"Point","coordinates":[151.2396,-33.94617]},"properties":{"id":9779,"holderId":18276,"status":"active","name":"Payphone #9779"}},{"type":"Feature","geometry":{"type":"Point","coordinates":[151.216334,-33.762336]},"properties":{"id":9787,"holderId":18088,"status":"active","name":"Payphone #9787"}},{"type":"Feature","geometry":{"type":"Point","coordinates":[151.200678,-33.884094]},"properties":{"id":9790,"holderId":14164,"status":"active","name":"Payphone #9790"}},{"type":"Feature","geometry":{"type":"Point","coordinates":[151.30363461586208,-33.676976]},"properties":{"id":9794,"holderId":17926,"status":"active","name":"Payphone #9794"}},{"type":"Feature","geometry":{"type":"Point","coordinates":[151.168122,-33.936361]},"properties":{"id":9795,"holderId":15298,"status":"active","name":"Payphone #9795"}},{"type":"Feature","geometry":{"type":"Point","coordinates":[151.209419,-33.883861]},"properties":{"id":9797,"holderId":13814,"status":"active","name":"Payphone #9797"}},{"type":"Feature","geometry":{"type":"Point","coordinates":[151.0770104759852,-33.91939]},"properties":{"id":9799,"holderId":52,"status":"active","name":"Payphone #9799"}},{"type":"Feature","geometry":{"type":"Point","coordinates":[151.142256,-33.903175]},"properties":{"id":9800,"holderId":7048,"status":"active","name":"Payphone #9800"}},{"type":"Feature","geometry":{"type":"Point","coordinates":[151.01076,-33.82527]},"properties":{"id":9819,"holderId":51,"status":"active","name":"Payphone #9819"}},{"type":"Feature","geometry":{"type":"Point","coordinates":[151.21067,-33.86779]},"properties":{"id":9824,"holderId":12066,"status":"active","name":"Payphone #9824"}},{"type":"Feature","geometry":{"type":"Point","coordinates":[150.986939,-33.840021]},"properties":{"id":9834,"holderId":13403,"status":"active","name":"Payphone #9834"}},{"type":"Feature","geometry":{"type":"Point","coordinates":[151.24745,-33.89202]},"properties":{"id":9842,"holderId":6643,"status":"active","name":"Payphone #9842"}},{"type":"Feature","geometry":{"type":"Point","coordinates":[150.98164,-34.1907]},"properties":{"id":9846,"holderId":7484,"status":"active","name":"Payphone #9846"}},{"type":"Feature","geometry":{"type":"Point","coordinates":[151.205317,-33.842508]},"properties":{"id":9847,"holderId":19011,"status":"active","name":"Payphone #9847"}},{"type":"Feature","geometry":{"type":"Point","coordinates":[151.088784,-33.858665]},"properties":{"id":9853,"holderId":18429,"status":"active","name":"Payphone #9853"}},{"type":"Feature","geometry":{"type":"Point","coordinates":[151.179502,-33.909158]},"properties":{"id":9857,"holderId":10261,"status":"active","name":"Payphone #9857"}},{"type":"Feature","geometry":{"type":"Point","coordinates":[151.1447,-33.985763]},"properties":{"id":9860,"holderId":12307,"status":"active","name":"Payphone #9860"}},{"type":"Feature","geometry":{"type":"Point","coordinates":[151.290097,-33.751818]},"properties":{"id":9864,"holderId":9737,"status":"active","name":"Payphone #9864"}},{"type":"Feature","geometry":{"type":"Point","coordinates":[151.0544845214854,-33.926025]},"properties":{"id":9876,"holderId":11233,"status":"active","name":"Payphone #9876"}},{"type":"Feature","geometry":{"type":"Point","coordinates":[150.797822,-33.724758]},"properties":{"id":9887,"holderId":4696,"status":"active","name":"Payphone #9887"}},{"type":"Feature","geometry":{"type":"Point","coordinates":[151.07623252362677,-33.920408]},"properties":{"id":9891,"holderId":52,"status":"active","name":"Payphone #9891"}},{"type":"Feature","geometry":{"type":"Point","coordinates":[151.204082,-33.878917]},"properties":{"id":9896,"holderId":12064,"status":"active","name":"Payphone #9896"}},{"type":"Feature","geometry":{"type":"Point","coordinates":[151.228367,-33.882124]},"properties":{"id":9899,"holderId":7260,"status":"active","name":"Payphone #9899"}},{"type":"Feature","geometry":{"type":"Point","coordinates":[150.797071,-33.743589]},"properties":{"id":9905,"holderId":4696,"status":"active","name":"Payphone #9905"}},{"type":"Feature","geometry":{"type":"Point","coordinates":[151.203346,-33.881523]},"properties":{"id":9906,"holderId":3290,"status":"active","name":"Payphone #9906"}},{"type":"Feature","geometry":{"type":"Point","coordinates":[151.307118,-33.544464]},"properties":{"id":9910,"holderId":9097,"status":"active","name":"Payphone #9910"}},{"type":"Feature","geometry":{"type":"Point","coordinates":[151.200917,-33.827268]},"properties":{"id":9914,"holderId":19011,"status":"active","name":"Payphone #9914"}},{"type":"Feature","geometry":{"type":"Point","coordinates":[151.116385,-34.019439]},"properties":{"id":9918,"holderId":13421,"status":"active","name":"Payphone #9918"}},{"type":"Feature","geometry":{"type":"Point","coordinates":[151.343555,-33.424225]},"properties":{"id":9926,"holderId":18733,"status":"active","name":"Payphone #9926"}},{"type":"Feature","geometry":{"type":"Point","coordinates":[151.207205,-33.878612]},"properties":{"id":9941,"holderId":3290,"status":"active","name":"Payphone #9941"}},{"type":"Feature","geometry":{"type":"Point","coordinates":[151.11911,-33.91983]},"properties":{"id":9946,"holderId":18822,"status":"active","name":"Payphone #9946"}},{"type":"Feature","geometry":{"type":"Point","coordinates":[151.20594976905033,-33.882424338808946]},"properties":{"id":9948,"holderId":18055,"status":"active","name":"Payphone #9948"}},{"type":"Feature","geometry":{"type":"Point","coordinates":[151.069515,-33.926825]},"properties":{"id":9949,"holderId":11233,"status":"active","name":"Payphone #9949"}},{"type":"Feature","geometry":{"type":"Point","coordinates":[151.183472,-33.88926]},"properties":{"id":9951,"holderId":6232,"status":"active","name":"Payphone #9951"}},{"type":"Feature","geometry":{"type":"Point","coordinates":[151.164848,-33.88828]},"properties":{"id":9959,"holderId":887,"status":"active","name":"Payphone #9959"}},{"type":"Feature","geometry":{"type":"Point","coordinates":[151.154087,-33.834742]},"properties":{"id":9966,"holderId":2618,"status":"active","name":"Payphone #9966"}},{"type":"Feature","geometry":{"type":"Point","coordinates":[151.263403,-33.794135]},"properties":{"id":9971,"holderId":18685,"status":"active","name":"Payphone #9971"}},{"type":"Feature","geometry":{"type":"Point","coordinates":[151.158784,-33.896495]},"properties":{"id":9984,"holderId":52,"status":"active","name":"Payphone #9984"}},{"type":"Feature","geometry":{"type":"Point","coordinates":[151.212165,-33.876605]},"properties":{"id":10003,"holderId":18888,"status":"active","name":"Payphone #10003"}},{"type":"Feature","geometry":{"type":"Point","coordinates":[151.249678,-33.892565]},"properties":{"id":10004,"holderId":6643,"status":"active","name":"Payphone #10004"}},{"type":"Feature","geometry":{"type":"Point","coordinates":[150.954237,-33.948157]},"properties":{"id":10005,"holderId":18742,"status":"active","name":"Payphone #10005"}},{"type":"Feature","geometry":{"type":"Point","coordinates":[151.09933,-33.70379]},"properties":{"id":10007,"holderId":16035,"status":"active","name":"Payphone #10007"}},{"type":"Feature","geometry":{"type":"Point","coordinates":[150.770794,-33.767236]},"properties":{"id":10012,"holderId":16583,"status":"active","name":"Payphone #10012"}},{"type":"Feature","geometry":{"type":"Point","coordinates":[151.14843,-33.77731]},"properties":{"id":10013,"holderId":14870,"status":"active","name":"Payphone #10013"}},{"type":"Feature","geometry":{"type":"Point","coordinates":[151.10418,-33.782729]},"properties":{"id":10014,"holderId":17882,"status":"active","name":"Payphone #10014"}},{"type":"Feature","geometry":{"type":"Point","coordinates":[151.118628,-33.961741]},"properties":{"id":10019,"holderId":12307,"status":"active","name":"Payphone #10019"}},{"type":"Feature","geometry":{"type":"Point","coordinates":[151.022344,-33.891082]},"properties":{"id":10023,"holderId":12308,"status":"active","name":"Payphone #10023"}},{"type":"Feature","geometry":{"type":"Point","coordinates":[151.260356,-33.753611]},"properties":{"id":10033,"holderId":18088,"status":"active","name":"Payphone #10033"}},{"type":"Feature","geometry":{"type":"Point","coordinates":[151.21062746438037,-33.888921]},"properties":{"id":10054,"holderId":14414,"status":"active","name":"Payphone #10054"}},{"type":"Feature","geometry":{"type":"Point","coordinates":[151.271533,-33.889744]},"properties":{"id":10059,"holderId":6643,"status":"active","name":"Payphone #10059"}},{"type":"Feature","geometry":{"type":"Point","coordinates":[151.206145,-33.874304]},"properties":{"id":10061,"holderId":18337,"status":"active","name":"Payphone #10061"}},{"type":"Feature","geometry":{"type":"Point","coordinates":[150.982133,-33.853295]},"properties":{"id":10062,"holderId":6232,"status":"active","name":"Payphone #10062"}},{"type":"Feature","geometry":{"type":"Point","coordinates":[151.20681,-33.87186]},"properties":{"id":10065,"holderId":6553,"status":"active","name":"Payphone #10065"}},{"type":"Feature","geometry":{"type":"Point","coordinates":[151.22283,-33.87208]},"properties":{"id":10066,"holderId":7815,"status":"active","name":"Payphone #10066"}},{"type":"Feature","geometry":{"type":"Point","coordinates":[151.153731,-33.928605]},"properties":{"id":10069,"holderId":7413,"status":"active","name":"Payphone #10069"}},{"type":"Feature","geometry":{"type":"Point","coordinates":[151.286802,-33.726959]},"properties":{"id":10075,"holderId":11601,"status":"active","name":"Payphone #10075"}},{"type":"Feature","geometry":{"type":"Point","coordinates":[151.385982,-33.439055]},"properties":{"id":10076,"holderId":7383,"status":"active","name":"Payphone #10076"}},{"type":"Feature","geometry":{"type":"Point","coordinates":[151.341601,-33.423638]},"properties":{"id":10077,"holderId":558,"status":"active","name":"Payphone #10077"}},{"type":"Feature","geometry":{"type":"Point","coordinates":[151.09178,-33.85644]},"properties":{"id":10080,"holderId":18429,"status":"active","name":"Payphone #10080"}},{"type":"Feature","geometry":{"type":"Point","coordinates":[151.296329,-33.434153]},"properties":{"id":10087,"holderId":9097,"status":"active","name":"Payphone #10087"}},{"type":"Feature","geometry":{"type":"Point","coordinates":[150.91941,-33.92769]},"properties":{"id":10101,"holderId":4870,"status":"active","name":"Payphone #10101"}},{"type":"Feature","geometry":{"type":"Point","coordinates":[151.098719,-33.702801]},"properties":{"id":10102,"holderId":18276,"status":"active","name":"Payphone #10102"}},{"type":"Feature","geometry":{"type":"Point","coordinates":[151.121664,-33.724183]},"properties":{"id":10114,"holderId":17170,"status":"active","name":"Payphone #10114"}},{"type":"Feature","geometry":{"type":"Point","coordinates":[150.996008,-33.819444]},"properties":{"id":10117,"holderId":6232,"status":"active","name":"Payphone #10117"}},{"type":"Feature","geometry":{"type":"Point","coordinates":[151.1033335057451,-33.967265]},"properties":{"id":10119,"holderId":18468,"status":"active","name":"Payphone #10119"}},{"type":"Feature","geometry":{"type":"Point","coordinates":[151.154101,-33.928796]},"properties":{"id":10126,"holderId":7413,"status":"active","name":"Payphone #10126"}},{"type":"Feature","geometry":{"type":"Point","coordinates":[151.033255,-33.850637]},"properties":{"id":10135,"holderId":3290,"status":"active","name":"Payphone #10135"}},{"type":"Feature","geometry":{"type":"Point","coordinates":[151.149257,-33.897043]},"properties":{"id":10136,"holderId":52,"status":"active","name":"Payphone #10136"}},{"type":"Feature","geometry":{"type":"Point","coordinates":[151.109524,-33.967184]},"properties":{"id":10141,"holderId":12307,"status":"active","name":"Payphone #10141"}},{"type":"Feature","geometry":{"type":"Point","coordinates":[151.213868,-33.879673]},"properties":{"id":10145,"holderId":7260,"status":"active","name":"Payphone #10145"}},{"type":"Feature","geometry":{"type":"Point","coordinates":[151.321908,-33.521553]},"properties":{"id":10148,"holderId":9097,"status":"active","name":"Payphone #10148"}},{"type":"Feature","geometry":{"type":"Point","coordinates":[150.71047,-34.18333]},"properties":{"id":10149,"holderId":18742,"status":"active","name":"Payphone #10149"}},{"type":"Feature","geometry":{"type":"Point","coordinates":[150.808008,-33.954492]},"properties":{"id":10165,"holderId":18742,"status":"active","name":"Payphone #10165"}},{"type":"Feature","geometry":{"type":"Point","coordinates":[150.970541,-33.807482]},"properties":{"id":10167,"holderId":17663,"status":"active","name":"Payphone #10167"}},{"type":"Feature","geometry":{"type":"Point","coordinates":[151.2164293,-33.8716319]},"properties":{"id":10168,"holderId":51,"status":"active","name":"Payphone #10168"}},{"type":"Feature","geometry":{"type":"Point","coordinates":[151.083877,-33.902833]},"properties":{"id":10178,"holderId":18307,"status":"active","name":"Payphone #10178"}},{"type":"Feature","geometry":{"type":"Point","coordinates":[151.16434,-33.894827]},"properties":{"id":10184,"holderId":887,"status":"active","name":"Payphone #10184"}},{"type":"Feature","geometry":{"type":"Point","coordinates":[151.217238,-33.880814]},"properties":{"id":10185,"holderId":9584,"status":"active","name":"Payphone #10185"}},{"type":"Feature","geometry":{"type":"Point","coordinates":[150.83648,-33.61886]},"properties":{"id":10199,"holderId":17663,"status":"active","name":"Payphone #10199"}},{"type":"Feature","geometry":{"type":"Point","coordinates":[151.133012,-33.990965]},"properties":{"id":10211,"holderId":12307,"status":"active","name":"Payphone #10211"}},{"type":"Feature","geometry":{"type":"Point","coordinates":[151.198749,-33.896703]},"properties":{"id":10212,"holderId":16253,"status":"active","name":"Payphone #10212"}},{"type":"Feature","geometry":{"type":"Point","coordinates":[151.035764,-33.905105]},"properties":{"id":10215,"holderId":12308,"status":"active","name":"Payphone #10215"}},{"type":"Feature","geometry":{"type":"Point","coordinates":[151.07884,-33.922407]},"properties":{"id":10218,"holderId":52,"status":"active","name":"Payphone #10218"}},{"type":"Feature","geometry":{"type":"Point","coordinates":[150.752522,-33.598446]},"properties":{"id":10220,"holderId":4696,"status":"active","name":"Payphone #10220"}},{"type":"Feature","geometry":{"type":"Point","coordinates":[150.859755,-33.735385]},"properties":{"id":10229,"holderId":6753,"status":"active","name":"Payphone #10229"}},{"type":"Feature","geometry":{"type":"Point","coordinates":[151.262504,-33.893997]},"properties":{"id":10243,"holderId":6643,"status":"active","name":"Payphone #10243"}},{"type":"Feature","geometry":{"type":"Point","coordinates":[151.381409,-33.498717]},"properties":{"id":10248,"holderId":6116,"status":"active","name":"Payphone #10248"}},{"type":"Feature","geometry":{"type":"Point","coordinates":[151.210346,-33.829045]},"properties":{"id":10255,"holderId":19011,"status":"active","name":"Payphone #10255"}},{"type":"Feature","geometry":{"type":"Point","coordinates":[151.013032,-33.826263]},"properties":{"id":10266,"holderId":51,"status":"active","name":"Payphone #10266"}},{"type":"Feature","geometry":{"type":"Point","coordinates":[151.270666,-33.888822]},"properties":{"id":10279,"holderId":6643,"status":"active","name":"Payphone #10279"}},{"type":"Feature","geometry":{"type":"Point","coordinates":[150.9237035229532,-33.922175]},"properties":{"id":10284,"holderId":12781,"status":"active","name":"Payphone #10284"}},{"type":"Feature","geometry":{"type":"Point","coordinates":[150.69417,-34.06834]},"properties":{"id":10302,"holderId":12064,"status":"active","name":"Payphone #10302"}},{"type":"Feature","geometry":{"type":"Point","coordinates":[151.043681,-33.846787]},"properties":{"id":10309,"holderId":3290,"status":"active","name":"Payphone #10309"}},{"type":"Feature","geometry":{"type":"Point","coordinates":[150.8997905897478,-33.746196]},"properties":{"id":10311,"holderId":17663,"status":"active","name":"Payphone #10311"}},{"type":"Feature","geometry":{"type":"Point","coordinates":[151.28396,-33.844077]},"properties":{"id":10330,"holderId":12307,"status":"active","name":"Payphone #10330"}},{"type":"Feature","geometry":{"type":"Point","coordinates":[150.76351,-34.05583]},"properties":{"id":10333,"holderId":17588,"status":"active","name":"Payphone #10333"}},{"type":"Feature","geometry":{"type":"Point","coordinates":[150.938573,-33.894383]},"properties":{"id":10364,"holderId":18441,"status":"active","name":"Payphone #10364"}},{"type":"Feature","geometry":{"type":"Point","coordinates":[151.25193,-33.89148]},"properties":{"id":10370,"holderId":6643,"status":"active","name":"Payphone #10370"}},{"type":"Feature","geometry":{"type":"Point","coordinates":[150.86671752856833,-33.90744]},"properties":{"id":10376,"holderId":4870,"status":"active","name":"Payphone #10376"}},{"type":"Feature","geometry":{"type":"Point","coordinates":[151.185393,-33.809353]},"properties":{"id":10394,"holderId":8604,"status":"active","name":"Payphone #10394"}},{"type":"Feature","geometry":{"type":"Point","coordinates":[150.924724,-33.854308]},"properties":{"id":10411,"holderId":17663,"status":"active","name":"Payphone #10411"}},{"type":"Feature","geometry":{"type":"Point","coordinates":[151.059566,-33.948366]},"properties":{"id":10418,"holderId":11233,"status":"active","name":"Payphone #10418"}},{"type":"Feature","geometry":{"type":"Point","coordinates":[151.36443,-33.43196]},"properties":{"id":10435,"holderId":558,"status":"active","name":"Payphone #10435"}},{"type":"Feature","geometry":{"type":"Point","coordinates":[150.8441494200672,-33.772151]},"properties":{"id":10443,"holderId":17663,"status":"active","name":"Payphone #10443"}},{"type":"Feature","geometry":{"type":"Point","coordinates":[150.939585,-33.909956]},"properties":{"id":10453,"holderId":4870,"status":"active","name":"Payphone #10453"}},{"type":"Feature","geometry":{"type":"Point","coordinates":[151.271519,-33.762483]},"properties":{"id":10464,"holderId":16107,"status":"active","name":"Payphone #10464"}},{"type":"Feature","geometry":{"type":"Point","coordinates":[150.864125,-33.997152]},"properties":{"id":10494,"holderId":926,"status":"active","name":"Payphone #10494"}},{"type":"Feature","geometry":{"type":"Point","coordinates":[151.204734,-33.88151]},"properties":{"id":10500,"holderId":0,"status":"active","name":"Payphone #10500"}},{"type":"Feature","geometry":{"type":"Point","coordinates":[151.2521,-33.922245]},"properties":{"id":10516,"holderId":6643,"status":"active","name":"Payphone #10516"}},{"type":"Feature","geometry":{"type":"Point","coordinates":[151.00862943911324,-33.822422]},"properties":{"id":10538,"holderId":18439,"status":"active","name":"Payphone #10538"}},{"type":"Feature","geometry":{"type":"Point","coordinates":[150.894809,-33.971154]},"properties":{"id":10552,"holderId":4870,"status":"active","name":"Payphone #10552"}},{"type":"Feature","geometry":{"type":"Point","coordinates":[151.326705,-33.646074]},"properties":{"id":10554,"holderId":18826,"status":"active","name":"Payphone #10554"}},{"type":"Feature","geometry":{"type":"Point","coordinates":[151.126122,-33.881793]},"properties":{"id":10560,"holderId":6232,"status":"active","name":"Payphone #10560"}},{"type":"Feature","geometry":{"type":"Point","coordinates":[150.630609,-33.530912]},"properties":{"id":10570,"holderId":5102,"status":"active","name":"Payphone #10570"}},{"type":"Feature","geometry":{"type":"Point","coordinates":[151.225045,-33.872333]},"properties":{"id":10582,"holderId":7815,"status":"active","name":"Payphone #10582"}},{"type":"Feature","geometry":{"type":"Point","coordinates":[151.08013050457512,-33.970327]},"properties":{"id":10586,"holderId":18747,"status":"active","name":"Payphone #10586"}},{"type":"Feature","geometry":{"type":"Point","coordinates":[150.721079,-33.581477]},"properties":{"id":10590,"holderId":17170,"status":"active","name":"Payphone #10590"}},{"type":"Feature","geometry":{"type":"Point","coordinates":[151.09813,-33.67679]},"properties":{"id":10597,"holderId":6547,"status":"active","name":"Payphone #10597"}},{"type":"Feature","geometry":{"type":"Point","coordinates":[151.2095536,-33.8615625]},"properties":{"id":10600,"holderId":18564,"status":"active","name":"Payphone #10600"}},{"type":"Feature","geometry":{"type":"Point","coordinates":[151.294028,-33.744638]},"properties":{"id":10612,"holderId":9819,"status":"active","name":"Payphone #10612"}},{"type":"Feature","geometry":{"type":"Point","coordinates":[151.21090977183738,-33.867721661191055]},"properties":{"id":10624,"holderId":15802,"status":"active","name":"Payphone #10624"}},{"type":"Feature","geometry":{"type":"Point","coordinates":[151.177407,-33.78427]},"properties":{"id":10625,"holderId":18974,"status":"active","name":"Payphone #10625"}},{"type":"Feature","geometry":{"type":"Point","coordinates":[150.919969,-33.718487]},"properties":{"id":10630,"holderId":17663,"status":"active","name":"Payphone #10630"}},{"type":"Feature","geometry":{"type":"Point","coordinates":[151.25206,-33.9065]},"properties":{"id":10636,"holderId":6643,"status":"active","name":"Payphone #10636"}},{"type":"Feature","geometry":{"type":"Point","coordinates":[151.202565,-33.870954]},"properties":{"id":10647,"holderId":13048,"status":"active","name":"Payphone #10647"}},{"type":"Feature","geometry":{"type":"Point","coordinates":[151.213542,-33.858464]},"properties":{"id":10648,"holderId":17553,"status":"active","name":"Payphone #10648"}},{"type":"Feature","geometry":{"type":"Point","coordinates":[151.01071,-34.007898]},"properties":{"id":10651,"holderId":17548,"status":"active","name":"Payphone #10651"}},{"type":"Feature","geometry":{"type":"Point","coordinates":[151.152206,-33.969435]},"properties":{"id":10657,"holderId":12307,"status":"active","name":"Payphone #10657"}},{"type":"Feature","geometry":{"type":"Point","coordinates":[151.22244,-33.88359]},"properties":{"id":10672,"holderId":7260,"status":"active","name":"Payphone #10672"}},{"type":"Feature","geometry":{"type":"Point","coordinates":[151.223503,-33.873926]},"properties":{"id":10685,"holderId":7815,"status":"active","name":"Payphone #10685"}},{"type":"Feature","geometry":{"type":"Point","coordinates":[151.390318,-33.469125]},"properties":{"id":10686,"holderId":6116,"status":"active","name":"Payphone #10686"}},{"type":"Feature","geometry":{"type":"Point","coordinates":[150.710571,-33.760625]},"properties":{"id":10688,"holderId":7694,"status":"active","name":"Payphone #10688"}},{"type":"Feature","geometry":{"type":"Point","coordinates":[151.209776,-33.873213]},"properties":{"id":10690,"holderId":18055,"status":"active","name":"Payphone #10690"}},{"type":"Feature","geometry":{"type":"Point","coordinates":[151.07776152323262,-33.921442]},"properties":{"id":10697,"holderId":52,"status":"active","name":"Payphone #10697"}},{"type":"Feature","geometry":{"type":"Point","coordinates":[151.208349,-33.869134]},"properties":{"id":10700,"holderId":8604,"status":"active","name":"Payphone #10700"}},{"type":"Feature","geometry":{"type":"Point","coordinates":[151.004635,-33.817013]},"properties":{"id":10702,"holderId":4974,"status":"active","name":"Payphone #10702"}},{"type":"Feature","geometry":{"type":"Point","coordinates":[151.33064,-33.510512]},"properties":{"id":10714,"holderId":9097,"status":"active","name":"Payphone #10714"}},{"type":"Feature","geometry":{"type":"Point","coordinates":[150.97674,-33.88084]},"properties":{"id":10715,"holderId":18543,"status":"active","name":"Payphone #10715"}},{"type":"Feature","geometry":{"type":"Point","coordinates":[150.70594,-33.753103]},"properties":{"id":10719,"holderId":15341,"status":"active","name":"Payphone #10719"}},{"type":"Feature","geometry":{"type":"Point","coordinates":[151.031263,-33.920607]},"properties":{"id":10720,"holderId":9284,"status":"active","name":"Payphone #10720"}},{"type":"Feature","geometry":{"type":"Point","coordinates":[150.810627,-34.068265]},"properties":{"id":10724,"holderId":12308,"status":"active","name":"Payphone #10724"}},{"type":"Feature","geometry":{"type":"Point","coordinates":[151.038634,-33.914412]},"properties":{"id":10751,"holderId":9284,"status":"active","name":"Payphone #10751"}},{"type":"Feature","geometry":{"type":"Point","coordinates":[151.088809,-33.870023]},"properties":{"id":10767,"holderId":18428,"status":"active","name":"Payphone #10767"}},{"type":"Feature","geometry":{"type":"Point","coordinates":[150.705139,-33.755131]},"properties":{"id":10787,"holderId":15341,"status":"active","name":"Payphone #10787"}},{"type":"Feature","geometry":{"type":"Point","coordinates":[151.223215,-33.909294]},"properties":{"id":10800,"holderId":18276,"status":"active","name":"Payphone #10800"}},{"type":"Feature","geometry":{"type":"Point","coordinates":[151.280803,-33.885512]},"properties":{"id":10805,"holderId":12922,"status":"active","name":"Payphone #10805"}},{"type":"Feature","geometry":{"type":"Point","coordinates":[151.00378256242672,-33.818362]},"properties":{"id":10826,"holderId":4732,"status":"active","name":"Payphone #10826"}},{"type":"Feature","geometry":{"type":"Point","coordinates":[151.306904,-33.532219]},"properties":{"id":10838,"holderId":9097,"status":"active","name":"Payphone #10838"}},{"type":"Feature","geometry":{"type":"Point","coordinates":[150.815411,-34.066013]},"properties":{"id":10843,"holderId":12308,"status":"active","name":"Payphone #10843"}},{"type":"Feature","geometry":{"type":"Point","coordinates":[150.933003,-33.897868]},"properties":{"id":10848,"holderId":17663,"status":"active","name":"Payphone #10848"}},{"type":"Feature","geometry":{"type":"Point","coordinates":[151.12194,-34.0415]},"properties":{"id":10863,"holderId":18561,"status":"active","name":"Payphone #10863"}},{"type":"Feature","geometry":{"type":"Point","coordinates":[151.303993,-33.705362]},"properties":{"id":10868,"holderId":17926,"status":"active","name":"Payphone #10868"}},{"type":"Feature","geometry":{"type":"Point","coordinates":[151.194933,-33.883164]},"properties":{"id":10881,"holderId":18410,"status":"active","name":"Payphone #10881"}},{"type":"Feature","geometry":{"type":"Point","coordinates":[151.206999,-33.88303394933525]},"properties":{"id":10888,"holderId":12896,"status":"active","name":"Payphone #10888"}},{"type":"Feature","geometry":{"type":"Point","coordinates":[151.00597,-33.803736]},"properties":{"id":10897,"holderId":18898,"status":"active","name":"Payphone #10897"}},{"type":"Feature","geometry":{"type":"Point","coordinates":[151.209824,-33.873457]},"properties":{"id":10908,"holderId":18055,"status":"active","name":"Payphone #10908"}},{"type":"Feature","geometry":{"type":"Point","coordinates":[151.080519,-33.791747]},"properties":{"id":10910,"holderId":17882,"status":"active","name":"Payphone #10910"}},{"type":"Feature","geometry":{"type":"Point","coordinates":[151.228194,-33.683278]},"properties":{"id":10937,"holderId":18088,"status":"active","name":"Payphone #10937"}},{"type":"Feature","geometry":{"type":"Point","coordinates":[150.772705,-33.770651]},"properties":{"id":10945,"holderId":7694,"status":"active","name":"Payphone #10945"}},{"type":"Feature","geometry":{"type":"Point","coordinates":[151.2084,-33.867721]},"properties":{"id":10946,"holderId":8604,"status":"active","name":"Payphone #10946"}},{"type":"Feature","geometry":{"type":"Point","coordinates":[151.288049,-33.753772]},"properties":{"id":10955,"holderId":9737,"status":"active","name":"Payphone #10955"}},{"type":"Feature","geometry":{"type":"Point","coordinates":[150.700231,-33.758454]},"properties":{"id":10957,"holderId":15341,"status":"active","name":"Payphone #10957"}},{"type":"Feature","geometry":{"type":"Point","coordinates":[151.11148,-33.91095]},"properties":{"id":10961,"holderId":52,"status":"active","name":"Payphone #10961"}},{"type":"Feature","geometry":{"type":"Point","coordinates":[151.243919,-33.831344]},"properties":{"id":10972,"holderId":3412,"status":"active","name":"Payphone #10972"}},{"type":"Feature","geometry":{"type":"Point","coordinates":[151.00511,-33.66083]},"properties":{"id":10980,"holderId":17663,"status":"active","name":"Payphone #10980"}},{"type":"Feature","geometry":{"type":"Point","coordinates":[151.12407246417828,-33.88839]},"properties":{"id":10985,"holderId":13814,"status":"active","name":"Payphone #10985"}},{"type":"Feature","geometry":{"type":"Point","coordinates":[151.10336,-33.91007305066475]},"properties":{"id":10989,"holderId":18307,"status":"active","name":"Payphone #10989"}},{"type":"Feature","geometry":{"type":"Point","coordinates":[150.718768,-33.726598]},"properties":{"id":11006,"holderId":4696,"status":"active","name":"Payphone #11006"}},{"type":"Feature","geometry":{"type":"Point","coordinates":[150.941168,-33.783844]},"properties":{"id":11039,"holderId":17663,"status":"active","name":"Payphone #11039"}},{"type":"Feature","geometry":{"type":"Point","coordinates":[151.341366,-33.423389]},"properties":{"id":11050,"holderId":558,"status":"active","name":"Payphone #11050"}},{"type":"Feature","geometry":{"type":"Point","coordinates":[151.147589,-33.855813]},"properties":{"id":11053,"holderId":4974,"status":"active","name":"Payphone #11053"}},{"type":"Feature","geometry":{"type":"Point","coordinates":[151.166689,-33.935168]},"properties":{"id":11056,"holderId":4973,"status":"active","name":"Payphone #11056"}},{"type":"Feature","geometry":{"type":"Point","coordinates":[150.77429,-33.765778]},"properties":{"id":11058,"holderId":7694,"status":"active","name":"Payphone #11058"}},{"type":"Feature","geometry":{"type":"Point","coordinates":[151.135125,-33.984146]},"properties":{"id":11061,"holderId":14589,"status":"active","name":"Payphone #11061"}},{"type":"Feature","geometry":{"type":"Point","coordinates":[150.987296,-33.727873]},"properties":{"id":11085,"holderId":18531,"status":"active","name":"Payphone #11085"}},{"type":"Feature","geometry":{"type":"Point","coordinates":[151.214601,-33.877384]},"properties":{"id":11088,"holderId":7260,"status":"active","name":"Payphone #11088"}},{"type":"Feature","geometry":{"type":"Point","coordinates":[151.09395,-33.87134]},"properties":{"id":11096,"holderId":18428,"status":"active","name":"Payphone #11096"}},{"type":"Feature","geometry":{"type":"Point","coordinates":[151.01128,-33.89901]},"properties":{"id":11101,"holderId":12308,"status":"active","name":"Payphone #11101"}},{"type":"Feature","geometry":{"type":"Point","coordinates":[151.12522,-33.888386]},"properties":{"id":11105,"holderId":13814,"status":"active","name":"Payphone #11105"}},{"type":"Feature","geometry":{"type":"Point","coordinates":[151.217219,-33.882193]},"properties":{"id":11106,"holderId":7260,"status":"active","name":"Payphone #11106"}},{"type":"Feature","geometry":{"type":"Point","coordinates":[150.90858,-33.92709]},"properties":{"id":11108,"holderId":4870,"status":"active","name":"Payphone #11108"}},{"type":"Feature","geometry":{"type":"Point","coordinates":[150.720829,-33.758132]},"properties":{"id":11118,"holderId":9400,"status":"active","name":"Payphone #11118"}},{"type":"Feature","geometry":{"type":"Point","coordinates":[150.905153,-33.726333]},"properties":{"id":11129,"holderId":17663,"status":"active","name":"Payphone #11129"}},{"type":"Feature","geometry":{"type":"Point","coordinates":[151.205572,-33.874236]},"properties":{"id":11144,"holderId":18337,"status":"active","name":"Payphone #11144"}},{"type":"Feature","geometry":{"type":"Point","coordinates":[150.908639,-33.78951]},"properties":{"id":11158,"holderId":17663,"status":"active","name":"Payphone #11158"}},{"type":"Feature","geometry":{"type":"Point","coordinates":[151.184788,-33.877086]},"properties":{"id":11164,"holderId":18341,"status":"active","name":"Payphone #11164"}},{"type":"Feature","geometry":{"type":"Point","coordinates":[151.252027,-33.897989]},"properties":{"id":11167,"holderId":6643,"status":"active","name":"Payphone #11167"}},{"type":"Feature","geometry":{"type":"Point","coordinates":[151.194755,-33.86828]},"properties":{"id":11171,"holderId":9284,"status":"active","name":"Payphone #11171"}},{"type":"Feature","geometry":{"type":"Point","coordinates":[151.324379,-33.504593]},"properties":{"id":11172,"holderId":9097,"status":"active","name":"Payphone #11172"}},{"type":"Feature","geometry":{"type":"Point","coordinates":[150.958146,-33.712469]},"properties":{"id":11186,"holderId":13887,"status":"active","name":"Payphone #11186"}},{"type":"Feature","geometry":{"type":"Point","coordinates":[150.92755752201688,-33.924631]},"properties":{"id":11187,"holderId":4870,"status":"active","name":"Payphone #11187"}},{"type":"Feature","geometry":{"type":"Point","coordinates":[151.118077,-33.777139]},"properties":{"id":11209,"holderId":18487,"status":"active","name":"Payphone #11209"}},{"type":"Feature","geometry":{"type":"Point","coordinates":[151.224512,-33.873207]},"properties":{"id":11210,"holderId":7815,"status":"active","name":"Payphone #11210"}},{"type":"Feature","geometry":{"type":"Point","coordinates":[151.24101,-33.824952]},"properties":{"id":11211,"holderId":3412,"status":"active","name":"Payphone #11211"}},{"type":"Feature","geometry":{"type":"Point","coordinates":[151.09845,-34.021144]},"properties":{"id":11219,"holderId":833,"status":"active","name":"Payphone #11219"}},{"type":"Feature","geometry":{"type":"Point","coordinates":[151.211205,-33.867563]},"properties":{"id":11220,"holderId":17822,"status":"active","name":"Payphone #11220"}},{"type":"Feature","geometry":{"type":"Point","coordinates":[150.86042,-33.67892]},"properties":{"id":11223,"holderId":18670,"status":"active","name":"Payphone #11223"}},{"type":"Feature","geometry":{"type":"Point","coordinates":[150.9216,-33.89306]},"properties":{"id":11227,"holderId":17663,"status":"active","name":"Payphone #11227"}},{"type":"Feature","geometry":{"type":"Point","coordinates":[151.178494,-33.896732]},"properties":{"id":11230,"holderId":887,"status":"active","name":"Payphone #11230"}},{"type":"Feature","geometry":{"type":"Point","coordinates":[151.196401,-33.883986]},"properties":{"id":11231,"holderId":6413,"status":"active","name":"Payphone #11231"}},{"type":"Feature","geometry":{"type":"Point","coordinates":[151.313514,-33.678402]},"properties":{"id":11234,"holderId":17926,"status":"active","name":"Payphone #11234"}},{"type":"Feature","geometry":{"type":"Point","coordinates":[151.223729,-33.872939]},"properties":{"id":11244,"holderId":12922,"status":"active","name":"Payphone #11244"}},{"type":"Feature","geometry":{"type":"Point","coordinates":[151.177357,-33.934643]},"properties":{"id":11252,"holderId":10516,"status":"active","name":"Payphone #11252"}},{"type":"Feature","geometry":{"type":"Point","coordinates":[150.918123,-33.776276]},"properties":{"id":11265,"holderId":4696,"status":"active","name":"Payphone #11265"}},{"type":"Feature","geometry":{"type":"Point","coordinates":[150.957226,-33.872176]},"properties":{"id":11281,"holderId":3232,"status":"active","name":"Payphone #11281"}},{"type":"Feature","geometry":{"type":"Point","coordinates":[151.2082663,-33.8615796]},"properties":{"id":11297,"holderId":12064,"status":"active","name":"Payphone #11297"}},{"type":"Feature","geometry":{"type":"Point","coordinates":[151.206885,-33.885833]},"properties":{"id":11308,"holderId":13814,"status":"active","name":"Payphone #11308"}},{"type":"Feature","geometry":{"type":"Point","coordinates":[151.20701,-33.86985]},"properties":{"id":11312,"holderId":12935,"status":"active","name":"Payphone #11312"}},{"type":"Feature","geometry":{"type":"Point","coordinates":[151.284713,-33.788548]},"properties":{"id":11313,"holderId":6396,"status":"active","name":"Payphone #11313"}},{"type":"Feature","geometry":{"type":"Point","coordinates":[151.206595,-33.839807]},"properties":{"id":11318,"holderId":18088,"status":"active","name":"Payphone #11318"}},{"type":"Feature","geometry":{"type":"Point","coordinates":[151.34204,-33.42284]},"properties":{"id":11337,"holderId":18733,"status":"active","name":"Payphone #11337"}},{"type":"Feature","geometry":{"type":"Point","coordinates":[151.15104,-34.08499]},"properties":{"id":11340,"holderId":7484,"status":"active","name":"Payphone #11340"}},{"type":"Feature","geometry":{"type":"Point","coordinates":[151.21933,-33.82282]},"properties":{"id":11342,"holderId":14870,"status":"active","name":"Payphone #11342"}},{"type":"Feature","geometry":{"type":"Point","coordinates":[150.971836,-33.808236]},"properties":{"id":11345,"holderId":17663,"status":"active","name":"Payphone #11345"}},{"type":"Feature","geometry":{"type":"Point","coordinates":[151.225423,-33.870145]},"properties":{"id":11352,"holderId":12922,"status":"active","name":"Payphone #11352"}},{"type":"Feature","geometry":{"type":"Point","coordinates":[151.280579,-33.798039]},"properties":{"id":11355,"holderId":6396,"status":"active","name":"Payphone #11355"}},{"type":"Feature","geometry":{"type":"Point","coordinates":[150.97204,-33.785472]},"properties":{"id":11363,"holderId":7966,"status":"active","name":"Payphone #11363"}},{"type":"Feature","geometry":{"type":"Point","coordinates":[150.955407,-33.802658]},"properties":{"id":11368,"holderId":17663,"status":"active","name":"Payphone #11368"}},{"type":"Feature","geometry":{"type":"Point","coordinates":[151.016983,-33.835941]},"properties":{"id":11376,"holderId":1356,"status":"active","name":"Payphone #11376"}},{"type":"Feature","geometry":{"type":"Point","coordinates":[150.955229,-33.868146]},"properties":{"id":11387,"holderId":805,"status":"active","name":"Payphone #11387"}},{"type":"Feature","geometry":{"type":"Point","coordinates":[150.927413,-33.922897]},"properties":{"id":11395,"holderId":4870,"status":"active","name":"Payphone #11395"}},{"type":"Feature","geometry":{"type":"Point","coordinates":[151.216373,-33.882771]},"properties":{"id":11403,"holderId":18055,"status":"active","name":"Payphone #11403"}},{"type":"Feature","geometry":{"type":"Point","coordinates":[151.131915,-33.920968]},"properties":{"id":11408,"holderId":18822,"status":"active","name":"Payphone #11408"}},{"type":"Feature","geometry":{"type":"Point","coordinates":[151.199187,-33.896559]},"properties":{"id":11429,"holderId":10143,"status":"active","name":"Payphone #11429"}},{"type":"Feature","geometry":{"type":"Point","coordinates":[151.139193,-33.890534]},"properties":{"id":11433,"holderId":12066,"status":"active","name":"Payphone #11433"}},{"type":"Feature","geometry":{"type":"Point","coordinates":[150.927454,-33.884208]},"properties":{"id":11461,"holderId":12772,"status":"active","name":"Payphone #11461"}},{"type":"Feature","geometry":{"type":"Point","coordinates":[151.032586,-33.916596]},"properties":{"id":11469,"holderId":4213,"status":"active","name":"Payphone #11469"}},{"type":"Feature","geometry":{"type":"Point","coordinates":[151.20757154297138,-33.869595]},"properties":{"id":11475,"holderId":8604,"status":"active","name":"Payphone #11475"}},{"type":"Feature","geometry":{"type":"Point","coordinates":[151.207304,-33.841043]},"properties":{"id":11476,"holderId":7496,"status":"active","name":"Payphone #11476"}},{"type":"Feature","geometry":{"type":"Point","coordinates":[150.694867,-33.75174]},"properties":{"id":11485,"holderId":12896,"status":"active","name":"Payphone #11485"}},{"type":"Feature","geometry":{"type":"Point","coordinates":[150.789041,-33.879843]},"properties":{"id":11487,"holderId":7694,"status":"active","name":"Payphone #11487"}},{"type":"Feature","geometry":{"type":"Point","coordinates":[151.101899,-34.03634]},"properties":{"id":11489,"holderId":4732,"status":"active","name":"Payphone #11489"}},{"type":"Feature","geometry":{"type":"Point","coordinates":[151.20919,-33.87693]},"properties":{"id":11491,"holderId":18055,"status":"active","name":"Payphone #11491"}},{"type":"Feature","geometry":{"type":"Point","coordinates":[151.26838,-33.894886]},"properties":{"id":11497,"holderId":6638,"status":"active","name":"Payphone #11497"}},{"type":"Feature","geometry":{"type":"Point","coordinates":[151.080978,-33.981132]},"properties":{"id":11498,"holderId":11233,"status":"active","name":"Payphone #11498"}},{"type":"Feature","geometry":{"type":"Point","coordinates":[151.15186247440354,-33.91524]},"properties":{"id":11499,"holderId":2323,"status":"active","name":"Payphone #11499"}},{"type":"Feature","geometry":{"type":"Point","coordinates":[150.732295,-33.941121]},"properties":{"id":11504,"holderId":7694,"status":"active","name":"Payphone #11504"}},{"type":"Feature","geometry":{"type":"Point","coordinates":[151.07239,-33.737547]},"properties":{"id":11514,"holderId":6240,"status":"active","name":"Payphone #11514"}},{"type":"Feature","geometry":{"type":"Point","coordinates":[151.00106,-33.883075]},"properties":{"id":11517,"holderId":12308,"status":"active","name":"Payphone #11517"}},{"type":"Feature","geometry":{"type":"Point","coordinates":[151.108628,-34.040676]},"properties":{"id":11518,"holderId":833,"status":"active","name":"Payphone #11518"}},{"type":"Feature","geometry":{"type":"Point","coordinates":[151.088996,-33.807283]},"properties":{"id":11529,"holderId":15713,"status":"active","name":"Payphone #11529"}},{"type":"Feature","geometry":{"type":"Point","coordinates":[151.16801143614737,-33.814602]},"properties":{"id":11531,"holderId":1903,"status":"active","name":"Payphone #11531"}},{"type":"Feature","geometry":{"type":"Point","coordinates":[150.713171,-33.743513]},"properties":{"id":11536,"holderId":19002,"status":"active","name":"Payphone #11536"}},{"type":"Feature","geometry":{"type":"Point","coordinates":[151.20924,-33.888193]},"properties":{"id":11545,"holderId":14414,"status":"active","name":"Payphone #11545"}},{"type":"Feature","geometry":{"type":"Point","coordinates":[151.208396,-33.867365]},"properties":{"id":11553,"holderId":8604,"status":"active","name":"Payphone #11553"}},{"type":"Feature","geometry":{"type":"Point","coordinates":[151.032863,-33.849655]},"properties":{"id":11554,"holderId":3290,"status":"active","name":"Payphone #11554"}},{"type":"Feature","geometry":{"type":"Point","coordinates":[151.225548,-33.872942]},"properties":{"id":11555,"holderId":7815,"status":"active","name":"Payphone #11555"}},{"type":"Feature","geometry":{"type":"Point","coordinates":[151.336668,-33.407093]},"properties":{"id":11557,"holderId":5152,"status":"active","name":"Payphone #11557"}},{"type":"Feature","geometry":{"type":"Point","coordinates":[150.904192,-33.923179]},"properties":{"id":11558,"holderId":4870,"status":"active","name":"Payphone #11558"}},{"type":"Feature","geometry":{"type":"Point","coordinates":[151.0986986061142,-33.702842]},"properties":{"id":11561,"holderId":18276,"status":"active","name":"Payphone #11561"}},{"type":"Feature","geometry":{"type":"Point","coordinates":[150.916405,-33.93459]},"properties":{"id":11587,"holderId":5340,"status":"active","name":"Payphone #11587"}},{"type":"Feature","geometry":{"type":"Point","coordinates":[151.11614,-33.71777]},"properties":{"id":11594,"holderId":18051,"status":"active","name":"Payphone #11594"}},{"type":"Feature","geometry":{"type":"Point","coordinates":[151.185171,-33.893078]},"properties":{"id":11600,"holderId":7389,"status":"active","name":"Payphone #11600"}},{"type":"Feature","geometry":{"type":"Point","coordinates":[150.90746,-33.768815]},"properties":{"id":11607,"holderId":17663,"status":"active","name":"Payphone #11607"}},{"type":"Feature","geometry":{"type":"Point","coordinates":[151.01016,-33.90974]},"properties":{"id":11610,"holderId":14106,"status":"active","name":"Payphone #11610"}},{"type":"Feature","geometry":{"type":"Point","coordinates":[151.036748,-33.86827]},"properties":{"id":11624,"holderId":12308,"status":"active","name":"Payphone #11624"}},{"type":"Feature","geometry":{"type":"Point","coordinates":[150.71955558502395,-33.758692]},"properties":{"id":11625,"holderId":7694,"status":"active","name":"Payphone #11625"}},{"type":"Feature","geometry":{"type":"Point","coordinates":[151.211881,-33.802328]},"properties":{"id":11632,"holderId":8604,"status":"active","name":"Payphone #11632"}},{"type":"Feature","geometry":{"type":"Point","coordinates":[150.98427,-33.86287]},"properties":{"id":11642,"holderId":18543,"status":"active","name":"Payphone #11642"}},{"type":"Feature","geometry":{"type":"Point","coordinates":[150.75629641469394,-33.757946]},"properties":{"id":11645,"holderId":4696,"status":"active","name":"Payphone #11645"}},{"type":"Feature","geometry":{"type":"Point","coordinates":[150.568993,-33.699138]},"properties":{"id":11666,"holderId":12688,"status":"active","name":"Payphone #11666"}},{"type":"Feature","geometry":{"type":"Point","coordinates":[151.10475,-33.877192]},"properties":{"id":11668,"holderId":14599,"status":"active","name":"Payphone #11668"}},{"type":"Feature","geometry":{"type":"Point","coordinates":[151.355015,-33.437969]},"properties":{"id":11687,"holderId":558,"status":"active","name":"Payphone #11687"}},{"type":"Feature","geometry":{"type":"Point","coordinates":[150.563948,-33.698759]},"properties":{"id":11722,"holderId":6240,"status":"active","name":"Payphone #11722"}},{"type":"Feature","geometry":{"type":"Point","coordinates":[151.086664,-33.935329]},"properties":{"id":11746,"holderId":11233,"status":"active","name":"Payphone #11746"}},{"type":"Feature","geometry":{"type":"Point","coordinates":[151.28462943046955,-33.799623]},"properties":{"id":11749,"holderId":4213,"status":"active","name":"Payphone #11749"}},{"type":"Feature","geometry":{"type":"Point","coordinates":[151.209001,-33.839197]},"properties":{"id":11755,"holderId":18088,"status":"active","name":"Payphone #11755"}},{"type":"Feature","geometry":{"type":"Point","coordinates":[150.894237,-33.757485]},"properties":{"id":11769,"holderId":9590,"status":"active","name":"Payphone #11769"}},{"type":"Feature","geometry":{"type":"Point","coordinates":[150.909081,-33.770024]},"properties":{"id":11775,"holderId":17663,"status":"active","name":"Payphone #11775"}},{"type":"Feature","geometry":{"type":"Point","coordinates":[151.247554,-33.908501]},"properties":{"id":11779,"holderId":6643,"status":"active","name":"Payphone #11779"}},{"type":"Feature","geometry":{"type":"Point","coordinates":[151.01155,-33.831637]},"properties":{"id":11788,"holderId":18441,"status":"active","name":"Payphone #11788"}},{"type":"Feature","geometry":{"type":"Point","coordinates":[150.988005,-33.80696]},"properties":{"id":11796,"holderId":1903,"status":"active","name":"Payphone #11796"}},{"type":"Feature","geometry":{"type":"Point","coordinates":[150.83058,-34.050838]},"properties":{"id":11797,"holderId":12308,"status":"active","name":"Payphone #11797"}},{"type":"Feature","geometry":{"type":"Point","coordinates":[151.239606,-33.913597]},"properties":{"id":11806,"holderId":17822,"status":"active","name":"Payphone #11806"}},{"type":"Feature","geometry":{"type":"Point","coordinates":[151.171956,-33.905974]},"properties":{"id":11811,"holderId":14485,"status":"active","name":"Payphone #11811"}},{"type":"Feature","geometry":{"type":"Point","coordinates":[151.033841,-33.917406]},"properties":{"id":11816,"holderId":15774,"status":"active","name":"Payphone #11816"}},{"type":"Feature","geometry":{"type":"Point","coordinates":[150.814676,-34.063654]},"properties":{"id":11828,"holderId":12308,"status":"active","name":"Payphone #11828"}},{"type":"Feature","geometry":{"type":"Point","coordinates":[151.28357,-33.889478]},"properties":{"id":11831,"holderId":12922,"status":"active","name":"Payphone #11831"}},{"type":"Feature","geometry":{"type":"Point","coordinates":[151.078551,-33.755595]},"properties":{"id":11834,"holderId":17882,"status":"active","name":"Payphone #11834"}},{"type":"Feature","geometry":{"type":"Point","coordinates":[151.243863,-33.751166]},"properties":{"id":11844,"holderId":18826,"status":"active","name":"Payphone #11844"}},{"type":"Feature","geometry":{"type":"Point","coordinates":[150.916368,-33.892008]},"properties":{"id":11847,"holderId":17663,"status":"active","name":"Payphone #11847"}},{"type":"Feature","geometry":{"type":"Point","coordinates":[151.033374,-33.8507]},"properties":{"id":11854,"holderId":12308,"status":"active","name":"Payphone #11854"}},{"type":"Feature","geometry":{"type":"Point","coordinates":[150.935745,-33.895096]},"properties":{"id":11862,"holderId":18441,"status":"active","name":"Payphone #11862"}},{"type":"Feature","geometry":{"type":"Point","coordinates":[151.023611,-33.926441]},"properties":{"id":11872,"holderId":12308,"status":"active","name":"Payphone #11872"}},{"type":"Feature","geometry":{"type":"Point","coordinates":[151.025013,-33.907383]},"properties":{"id":11879,"holderId":12308,"status":"active","name":"Payphone #11879"}},{"type":"Feature","geometry":{"type":"Point","coordinates":[151.224915,-33.873021]},"properties":{"id":11887,"holderId":7815,"status":"active","name":"Payphone #11887"}},{"type":"Feature","geometry":{"type":"Point","coordinates":[150.805113,-33.804035]},"properties":{"id":11897,"holderId":7694,"status":"active","name":"Payphone #11897"}},{"type":"Feature","geometry":{"type":"Point","coordinates":[150.94864,-33.932921]},"properties":{"id":11902,"holderId":18742,"status":"active","name":"Payphone #11902"}},{"type":"Feature","geometry":{"type":"Point","coordinates":[151.332036,-33.427187]},"properties":{"id":11906,"holderId":10826,"status":"active","name":"Payphone #11906"}},{"type":"Feature","geometry":{"type":"Point","coordinates":[151.067792,-34.028011]},"properties":{"id":11910,"holderId":833,"status":"active","name":"Payphone #11910"}},{"type":"Feature","geometry":{"type":"Point","coordinates":[151.207005,-33.873455]},"properties":{"id":11928,"holderId":930,"status":"active","name":"Payphone #11928"}},{"type":"Feature","geometry":{"type":"Point","coordinates":[151.209337,-34.010993]},"properties":{"id":11934,"holderId":14106,"status":"active","name":"Payphone #11934"}},{"type":"Feature","geometry":{"type":"Point","coordinates":[151.159859,-33.730513]},"properties":{"id":11940,"holderId":18826,"status":"active","name":"Payphone #11940"}},{"type":"Feature","geometry":{"type":"Point","coordinates":[151.301343,-33.732069]},"properties":{"id":11951,"holderId":17170,"status":"active","name":"Payphone #11951"}},{"type":"Feature","geometry":{"type":"Point","coordinates":[151.19722,-33.837527]},"properties":{"id":11956,"holderId":17880,"status":"active","name":"Payphone #11956"}},{"type":"Feature","geometry":{"type":"Point","coordinates":[151.2104007,-33.8616412]},"properties":{"id":11967,"holderId":4213,"status":"active","name":"Payphone #11967"}},{"type":"Feature","geometry":{"type":"Point","coordinates":[151.342103,-33.426884]},"properties":{"id":11968,"holderId":6116,"status":"active","name":"Payphone #11968"}},{"type":"Feature","geometry":{"type":"Point","coordinates":[151.214417,-33.892139]},"properties":{"id":11975,"holderId":18276,"status":"active","name":"Payphone #11975"}},{"type":"Feature","geometry":{"type":"Point","coordinates":[150.738778,-34.039769]},"properties":{"id":11979,"holderId":17588,"status":"active","name":"Payphone #11979"}},{"type":"Feature","geometry":{"type":"Point","coordinates":[151.185162,-33.809234]},"properties":{"id":11990,"holderId":8604,"status":"active","name":"Payphone #11990"}},{"type":"Feature","geometry":{"type":"Point","coordinates":[151.206287,-33.876219]},"properties":{"id":11995,"holderId":930,"status":"active","name":"Payphone #11995"}},{"type":"Feature","geometry":{"type":"Point","coordinates":[151.22183,-33.87621]},"properties":{"id":12007,"holderId":7815,"status":"active","name":"Payphone #12007"}},{"type":"Feature","geometry":{"type":"Point","coordinates":[151.309072,-33.495483]},"properties":{"id":12011,"holderId":9097,"status":"active","name":"Payphone #12011"}},{"type":"Feature","geometry":{"type":"Point","coordinates":[151.20793454067638,-33.87563]},"properties":{"id":12013,"holderId":18822,"status":"active","name":"Payphone #12013"}},{"type":"Feature","geometry":{"type":"Point","coordinates":[150.894655,-33.777754]},"properties":{"id":12021,"holderId":17663,"status":"active","name":"Payphone #12021"}},{"type":"Feature","geometry":{"type":"Point","coordinates":[151.27409,-33.88528]},"properties":{"id":12035,"holderId":6638,"status":"active","name":"Payphone #12035"}},{"type":"Feature","geometry":{"type":"Point","coordinates":[151.254399,-33.90481]},"properties":{"id":12039,"holderId":6643,"status":"active","name":"Payphone #12039"}},{"type":"Feature","geometry":{"type":"Point","coordinates":[151.128446,-33.732916]},"properties":{"id":12045,"holderId":5438,"status":"active","name":"Payphone #12045"}},{"type":"Feature","geometry":{"type":"Point","coordinates":[150.89826,-33.85864]},"properties":{"id":12056,"holderId":17663,"status":"active","name":"Payphone #12056"}},{"type":"Feature","geometry":{"type":"Point","coordinates":[151.266031,-33.894762]},"properties":{"id":12059,"holderId":6643,"status":"active","name":"Payphone #12059"}},{"type":"Feature","geometry":{"type":"Point","coordinates":[151.2074885537804,-33.841147]},"properties":{"id":12090,"holderId":18088,"status":"active","name":"Payphone #12090"}},{"type":"Feature","geometry":{"type":"Point","coordinates":[151.205559,-33.871974]},"properties":{"id":12094,"holderId":6553,"status":"active","name":"Payphone #12094"}},{"type":"Feature","geometry":{"type":"Point","coordinates":[151.041273,-33.793934]},"properties":{"id":12096,"holderId":6547,"status":"active","name":"Payphone #12096"}},{"type":"Feature","geometry":{"type":"Point","coordinates":[151.014591,-33.951017]},"properties":{"id":12102,"holderId":15802,"status":"active","name":"Payphone #12102"}},{"type":"Feature","geometry":{"type":"Point","coordinates":[151.285377,-33.79988]},"properties":{"id":12110,"holderId":4213,"status":"active","name":"Payphone #12110"}},{"type":"Feature","geometry":{"type":"Point","coordinates":[151.179692,-33.903892]},"properties":{"id":12114,"holderId":14485,"status":"active","name":"Payphone #12114"}},{"type":"Feature","geometry":{"type":"Point","coordinates":[151.20914553394564,-33.893319]},"properties":{"id":12120,"holderId":17763,"status":"active","name":"Payphone #12120"}},{"type":"Feature","geometry":{"type":"Point","coordinates":[151.21090977183738,-33.86776833880894]},"properties":{"id":12129,"holderId":15802,"status":"active","name":"Payphone #12129"}},{"type":"Feature","geometry":{"type":"Point","coordinates":[151.153168,-34.051532]},"properties":{"id":12135,"holderId":17213,"status":"active","name":"Payphone #12135"}},{"type":"Feature","geometry":{"type":"Point","coordinates":[150.971823,-33.814965]},"properties":{"id":12138,"holderId":17663,"status":"active","name":"Payphone #12138"}},{"type":"Feature","geometry":{"type":"Point","coordinates":[151.198819,-33.891819]},"properties":{"id":12147,"holderId":17175,"status":"active","name":"Payphone #12147"}},{"type":"Feature","geometry":{"type":"Point","coordinates":[151.187942,-33.90039]},"properties":{"id":12167,"holderId":16253,"status":"active","name":"Payphone #12167"}},{"type":"Feature","geometry":{"type":"Point","coordinates":[150.60991,-33.74371]},"properties":{"id":12169,"holderId":6240,"status":"active","name":"Payphone #12169"}},{"type":"Feature","geometry":{"type":"Point","coordinates":[151.125074,-33.926342]},"properties":{"id":12180,"holderId":18872,"status":"active","name":"Payphone #12180"}},{"type":"Feature","geometry":{"type":"Point","coordinates":[150.886505,-33.726314]},"properties":{"id":12185,"holderId":7694,"status":"active","name":"Payphone #12185"}},{"type":"Feature","geometry":{"type":"Point","coordinates":[151.209115,-33.865829]},"properties":{"id":12186,"holderId":6638,"status":"active","name":"Payphone #12186"}},{"type":"Feature","geometry":{"type":"Point","coordinates":[150.9879,-33.808116]},"properties":{"id":12187,"holderId":1903,"status":"active","name":"Payphone #12187"}},{"type":"Feature","geometry":{"type":"Point","coordinates":[151.14339652982378,-33.904144]},"properties":{"id":12189,"holderId":52,"status":"active","name":"Payphone #12189"}},{"type":"Feature","geometry":{"type":"Point","coordinates":[151.364234,-33.409427]},"properties":{"id":12197,"holderId":6116,"status":"active","name":"Payphone #12197"}},{"type":"Feature","geometry":{"type":"Point","coordinates":[151.08264757308115,-33.79025]},"properties":{"id":12200,"holderId":17882,"status":"active","name":"Payphone #12200"}},{"type":"Feature","geometry":{"type":"Point","coordinates":[150.89245,-33.768389]},"properties":{"id":12209,"holderId":17663,"status":"active","name":"Payphone #12209"}},{"type":"Feature","geometry":{"type":"Point","coordinates":[151.102328,-33.967067]},"properties":{"id":12216,"holderId":18468,"status":"active","name":"Payphone #12216"}},{"type":"Feature","geometry":{"type":"Point","coordinates":[150.84408457993283,-33.772151]},"properties":{"id":12237,"holderId":17663,"status":"active","name":"Payphone #12237"}},{"type":"Feature","geometry":{"type":"Point","coordinates":[150.82784,-33.766523]},"properties":{"id":12239,"holderId":17663,"status":"active","name":"Payphone #12239"}},{"type":"Feature","geometry":{"type":"Point","coordinates":[151.28584,-33.79256]},"properties":{"id":12241,"holderId":6396,"status":"active","name":"Payphone #12241"}},{"type":"Feature","geometry":{"type":"Point","coordinates":[151.10552,-33.81226]},"properties":{"id":12248,"holderId":15408,"status":"active","name":"Payphone #12248"}},{"type":"Feature","geometry":{"type":"Point","coordinates":[151.15677,-33.92407]},"properties":{"id":12254,"holderId":18822,"status":"active","name":"Payphone #12254"}},{"type":"Feature","geometry":{"type":"Point","coordinates":[151.1037855271507,-33.911161]},"properties":{"id":12258,"holderId":18307,"status":"active","name":"Payphone #12258"}},{"type":"Feature","geometry":{"type":"Point","coordinates":[150.741987,-33.746526]},"properties":{"id":12265,"holderId":4696,"status":"active","name":"Payphone #12265"}},{"type":"Feature","geometry":{"type":"Point","coordinates":[151.099749,-33.904621]},"properties":{"id":12270,"holderId":18307,"status":"active","name":"Payphone #12270"}},{"type":"Feature","geometry":{"type":"Point","coordinates":[150.92907,-33.92174]},"properties":{"id":12275,"holderId":4870,"status":"active","name":"Payphone #12275"}},{"type":"Feature","geometry":{"type":"Point","coordinates":[151.05698,-34.031207]},"properties":{"id":12276,"holderId":14867,"status":"active","name":"Payphone #12276"}},{"type":"Feature","geometry":{"type":"Point","coordinates":[151.122311,-34.042097]},"properties":{"id":12295,"holderId":18561,"status":"active","name":"Payphone #12295"}},{"type":"Feature","geometry":{"type":"Point","coordinates":[151.231055,-33.847564]},"properties":{"id":12321,"holderId":2251,"status":"active","name":"Payphone #12321"}},{"type":"Feature","geometry":{"type":"Point","coordinates":[151.180854,-33.855644]},"properties":{"id":12323,"holderId":6232,"status":"active","name":"Payphone #12323"}},{"type":"Feature","geometry":{"type":"Point","coordinates":[150.994778,-34.176959]},"properties":{"id":12324,"holderId":7484,"status":"active","name":"Payphone #12324"}},{"type":"Feature","geometry":{"type":"Point","coordinates":[151.139969,-33.945464]},"properties":{"id":12335,"holderId":12307,"status":"active","name":"Payphone #12335"}},{"type":"Feature","geometry":{"type":"Point","coordinates":[151.258466,-33.912212]},"properties":{"id":12339,"holderId":6638,"status":"active","name":"Payphone #12339"}},{"type":"Feature","geometry":{"type":"Point","coordinates":[151.089571,-33.806912]},"properties":{"id":12350,"holderId":15713,"status":"active","name":"Payphone #12350"}},{"type":"Feature","geometry":{"type":"Point","coordinates":[150.907514,-33.768744]},"properties":{"id":12363,"holderId":14722,"status":"active","name":"Payphone #12363"}},{"type":"Feature","geometry":{"type":"Point","coordinates":[151.015227,-33.952885]},"properties":{"id":12373,"holderId":15802,"status":"active","name":"Payphone #12373"}},{"type":"Feature","geometry":{"type":"Point","coordinates":[151.217876,-33.874454]},"properties":{"id":12383,"holderId":7815,"status":"active","name":"Payphone #12383"}},{"type":"Feature","geometry":{"type":"Point","coordinates":[151.206325,-33.86571]},"properties":{"id":12389,"holderId":3412,"status":"active","name":"Payphone #12389"}},{"type":"Feature","geometry":{"type":"Point","coordinates":[151.230444,-33.933818]},"properties":{"id":12391,"holderId":18276,"status":"active","name":"Payphone #12391"}},{"type":"Feature","geometry":{"type":"Point","coordinates":[151.208304,-33.868942]},"properties":{"id":12401,"holderId":18181,"status":"active","name":"Payphone #12401"}},{"type":"Feature","geometry":{"type":"Point","coordinates":[151.328855,-33.637429]},"properties":{"id":12402,"holderId":18826,"status":"active","name":"Payphone #12402"}},{"type":"Feature","geometry":{"type":"Point","coordinates":[150.926736,-33.799586]},"properties":{"id":12424,"holderId":17663,"status":"active","name":"Payphone #12424"}},{"type":"Feature","geometry":{"type":"Point","coordinates":[151.032384,-33.871332]},"properties":{"id":12426,"holderId":18740,"status":"active","name":"Payphone #12426"}},{"type":"Feature","geometry":{"type":"Point","coordinates":[151.25316,-33.930309]},"properties":{"id":12427,"holderId":7090,"status":"active","name":"Payphone #12427"}},{"type":"Feature","geometry":{"type":"Point","coordinates":[151.20996,-33.86632]},"properties":{"id":12432,"holderId":5713,"status":"active","name":"Payphone #12432"}},{"type":"Feature","geometry":{"type":"Point","coordinates":[151.285139,-33.779001]},"properties":{"id":12433,"holderId":15305,"status":"active","name":"Payphone #12433"}},{"type":"Feature","geometry":{"type":"Point","coordinates":[151.394455,-33.474138]},"properties":{"id":12434,"holderId":6116,"status":"active","name":"Payphone #12434"}},{"type":"Feature","geometry":{"type":"Point","coordinates":[151.180293,-33.932378]},"properties":{"id":12446,"holderId":18370,"status":"active","name":"Payphone #12446"}},{"type":"Feature","geometry":{"type":"Point","coordinates":[151.124175,-33.968198]},"properties":{"id":12447,"holderId":18055,"status":"active","name":"Payphone #12447"}},{"type":"Feature","geometry":{"type":"Point","coordinates":[150.801836,-34.085445]},"properties":{"id":12452,"holderId":12308,"status":"active","name":"Payphone #12452"}},{"type":"Feature","geometry":{"type":"Point","coordinates":[151.082418,-33.950953]},"properties":{"id":12459,"holderId":11233,"status":"active","name":"Payphone #12459"}},{"type":"Feature","geometry":{"type":"Point","coordinates":[151.10332752755497,-33.9101]},"properties":{"id":12477,"holderId":18307,"status":"active","name":"Payphone #12477"}},{"type":"Feature","geometry":{"type":"Point","coordinates":[151.156496,-33.793114]},"properties":{"id":12481,"holderId":18865,"status":"active","name":"Payphone #12481"}},{"type":"Feature","geometry":{"type":"Point","coordinates":[151.209523,-33.870235]},"properties":{"id":12490,"holderId":8604,"status":"active","name":"Payphone #12490"}},{"type":"Feature","geometry":{"type":"Point","coordinates":[151.292803,-33.636897]},"properties":{"id":12501,"holderId":17926,"status":"active","name":"Payphone #12501"}},{"type":"Feature","geometry":{"type":"Point","coordinates":[151.170195,-33.881193]},"properties":{"id":12510,"holderId":6232,"status":"active","name":"Payphone #12510"}},{"type":"Feature","geometry":{"type":"Point","coordinates":[151.127069,-33.949102]},"properties":{"id":12525,"holderId":12307,"status":"active","name":"Payphone #12525"}},{"type":"Feature","geometry":{"type":"Point","coordinates":[151.164172,-33.879417]},"properties":{"id":12526,"holderId":6553,"status":"active","name":"Payphone #12526"}},{"type":"Feature","geometry":{"type":"Point","coordinates":[151.09127,-33.887585]},"properties":{"id":12527,"holderId":18307,"status":"active","name":"Payphone #12527"}},{"type":"Feature","geometry":{"type":"Point","coordinates":[150.836679,-33.734938]},"properties":{"id":12531,"holderId":4696,"status":"active","name":"Payphone #12531"}},{"type":"Feature","geometry":{"type":"Point","coordinates":[150.924148,-33.920719]},"properties":{"id":12537,"holderId":4870,"status":"active","name":"Payphone #12537"}},{"type":"Feature","geometry":{"type":"Point","coordinates":[151.131433,-33.885591]},"properties":{"id":12538,"holderId":6232,"status":"active","name":"Payphone #12538"}},{"type":"Feature","geometry":{"type":"Point","coordinates":[150.725775,-33.764061]},"properties":{"id":12545,"holderId":7694,"status":"active","name":"Payphone #12545"}},{"type":"Feature","geometry":{"type":"Point","coordinates":[150.926313,-33.924416]},"properties":{"id":12560,"holderId":4870,"status":"active","name":"Payphone #12560"}},{"type":"Feature","geometry":{"type":"Point","coordinates":[151.344579,-33.511129]},"properties":{"id":12561,"holderId":9097,"status":"active","name":"Payphone #12561"}},{"type":"Feature","geometry":{"type":"Point","coordinates":[151.15476,-33.899476]},"properties":{"id":12565,"holderId":18439,"status":"active","name":"Payphone #12565"}},{"type":"Feature","geometry":{"type":"Point","coordinates":[151.008695,-33.853366]},"properties":{"id":12577,"holderId":12308,"status":"active","name":"Payphone #12577"}},{"type":"Feature","geometry":{"type":"Point","coordinates":[151.176381,-33.753793]},"properties":{"id":12579,"holderId":14870,"status":"active","name":"Payphone #12579"}},{"type":"Feature","geometry":{"type":"Point","coordinates":[151.194181,-33.822178]},"properties":{"id":12582,"holderId":18294,"status":"active","name":"Payphone #12582"}},{"type":"Feature","geometry":{"type":"Point","coordinates":[151.264595,-33.893991]},"properties":{"id":12583,"holderId":6638,"status":"active","name":"Payphone #12583"}},{"type":"Feature","geometry":{"type":"Point","coordinates":[151.194164,-33.891734]},"properties":{"id":12585,"holderId":6413,"status":"active","name":"Payphone #12585"}},{"type":"Feature","geometry":{"type":"Point","coordinates":[151.208082,-33.872602]},"properties":{"id":12607,"holderId":17553,"status":"active","name":"Payphone #12607"}},{"type":"Feature","geometry":{"type":"Point","coordinates":[150.942082,-33.886864]},"properties":{"id":12618,"holderId":7496,"status":"active","name":"Payphone #12618"}},{"type":"Feature","geometry":{"type":"Point","coordinates":[151.064955,-34.015722]},"properties":{"id":12623,"holderId":13421,"status":"active","name":"Payphone #12623"}},{"type":"Feature","geometry":{"type":"Point","coordinates":[150.960574,-33.884181]},"properties":{"id":12629,"holderId":4870,"status":"active","name":"Payphone #12629"}},{"type":"Feature","geometry":{"type":"Point","coordinates":[151.21056253561966,-33.888921]},"properties":{"id":12631,"holderId":14414,"status":"active","name":"Payphone #12631"}},{"type":"Feature","geometry":{"type":"Point","coordinates":[151.207999,-33.878128]},"properties":{"id":12646,"holderId":17553,"status":"active","name":"Payphone #12646"}},{"type":"Feature","geometry":{"type":"Point","coordinates":[151.207212,-33.865815]},"properties":{"id":12651,"holderId":18428,"status":"active","name":"Payphone #12651"}},{"type":"Feature","geometry":{"type":"Point","coordinates":[151.224611,-33.904739]},"properties":{"id":12663,"holderId":18276,"status":"active","name":"Payphone #12663"}},{"type":"Feature","geometry":{"type":"Point","coordinates":[151.029659,-33.929548]},"properties":{"id":12679,"holderId":14106,"status":"active","name":"Payphone #12679"}},{"type":"Feature","geometry":{"type":"Point","coordinates":[151.098315,-33.928522]},"properties":{"id":12685,"holderId":11233,"status":"active","name":"Payphone #12685"}},{"type":"Feature","geometry":{"type":"Point","coordinates":[151.125019,-34.035664]},"properties":{"id":12689,"holderId":18565,"status":"active","name":"Payphone #12689"}},{"type":"Feature","geometry":{"type":"Point","coordinates":[150.800063,-33.664476]},"properties":{"id":12692,"holderId":17170,"status":"active","name":"Payphone #12692"}},{"type":"Feature","geometry":{"type":"Point","coordinates":[151.317074,-33.521342]},"properties":{"id":12699,"holderId":9097,"status":"active","name":"Payphone #12699"}},{"type":"Feature","geometry":{"type":"Point","coordinates":[151.0769455240148,-33.91939]},"properties":{"id":12723,"holderId":52,"status":"active","name":"Payphone #12723"}},{"type":"Feature","geometry":{"type":"Point","coordinates":[151.128209,-33.904632]},"properties":{"id":12734,"holderId":6232,"status":"active","name":"Payphone #12734"}},{"type":"Feature","geometry":{"type":"Point","coordinates":[151.213423,-33.880507]},"properties":{"id":12739,"holderId":18307,"status":"active","name":"Payphone #12739"}},{"type":"Feature","geometry":{"type":"Point","coordinates":[151.2877,-33.79573]},"properties":{"id":12742,"holderId":6396,"status":"active","name":"Payphone #12742"}},{"type":"Feature","geometry":{"type":"Point","coordinates":[151.248208,-33.891221]},"properties":{"id":12744,"holderId":12785,"status":"active","name":"Payphone #12744"}},{"type":"Feature","geometry":{"type":"Point","coordinates":[150.660572,-33.582234]},"properties":{"id":12748,"holderId":17170,"status":"active","name":"Payphone #12748"}},{"type":"Feature","geometry":{"type":"Point","coordinates":[151.165813,-33.936633]},"properties":{"id":12750,"holderId":5543,"status":"active","name":"Payphone #12750"}},{"type":"Feature","geometry":{"type":"Point","coordinates":[151.125194,-33.600398]},"properties":{"id":12779,"holderId":17015,"status":"active","name":"Payphone #12779"}},{"type":"Feature","geometry":{"type":"Point","coordinates":[150.951333,-33.766302]},"properties":{"id":12797,"holderId":7694,"status":"active","name":"Payphone #12797"}},{"type":"Feature","geometry":{"type":"Point","coordinates":[151.193671,-33.823417]},"properties":{"id":12821,"holderId":8604,"status":"active","name":"Payphone #12821"}},{"type":"Feature","geometry":{"type":"Point","coordinates":[151.032355,-33.850946]},"properties":{"id":12823,"holderId":12308,"status":"active","name":"Payphone #12823"}},{"type":"Feature","geometry":{"type":"Point","coordinates":[151.256502,-33.920738]},"properties":{"id":12834,"holderId":6638,"status":"active","name":"Payphone #12834"}},{"type":"Feature","geometry":{"type":"Point","coordinates":[150.84373258029152,-33.771203]},"properties":{"id":12839,"holderId":4696,"status":"active","name":"Payphone #12839"}},{"type":"Feature","geometry":{"type":"Point","coordinates":[151.007576,-33.943505]},"properties":{"id":12840,"holderId":15802,"status":"active","name":"Payphone #12840"}},{"type":"Feature","geometry":{"type":"Point","coordinates":[151.244218,-33.818947]},"properties":{"id":12841,"holderId":3412,"status":"active","name":"Payphone #12841"}},{"type":"Feature","geometry":{"type":"Point","coordinates":[151.153546,-33.623046]},"properties":{"id":12843,"holderId":17015,"status":"active","name":"Payphone #12843"}},{"type":"Feature","geometry":{"type":"Point","coordinates":[151.00581,-33.814184]},"properties":{"id":12844,"holderId":13403,"status":"active","name":"Payphone #12844"}},{"type":"Feature","geometry":{"type":"Point","coordinates":[150.829799,-33.766452]},"properties":{"id":12862,"holderId":17663,"status":"active","name":"Payphone #12862"}},{"type":"Feature","geometry":{"type":"Point","coordinates":[151.0061655951825,-33.73181]},"properties":{"id":12863,"holderId":930,"status":"active","name":"Payphone #12863"}},{"type":"Feature","geometry":{"type":"Point","coordinates":[150.92017,-33.922261]},"properties":{"id":12870,"holderId":4870,"status":"active","name":"Payphone #12870"}},{"type":"Feature","geometry":{"type":"Point","coordinates":[151.146215,-33.906267]},"properties":{"id":12874,"holderId":18822,"status":"active","name":"Payphone #12874"}},{"type":"Feature","geometry":{"type":"Point","coordinates":[151.104695,-33.703155]},"properties":{"id":12880,"holderId":18863,"status":"active","name":"Payphone #12880"}},{"type":"Feature","geometry":{"type":"Point","coordinates":[151.145041,-33.898959]},"properties":{"id":12887,"holderId":17528,"status":"active","name":"Payphone #12887"}},{"type":"Feature","geometry":{"type":"Point","coordinates":[151.17247,-33.90321]},"properties":{"id":12896,"holderId":887,"status":"active","name":"Payphone #12896"}},{"type":"Feature","geometry":{"type":"Point","coordinates":[151.059241,-33.895593]},"properties":{"id":12901,"holderId":11233,"status":"active","name":"Payphone #12901"}},{"type":"Feature","geometry":{"type":"Point","coordinates":[150.93402,-33.775039]},"properties":{"id":12903,"holderId":17663,"status":"active","name":"Payphone #12903"}},{"type":"Feature","geometry":{"type":"Point","coordinates":[150.814712,-34.042745]},"properties":{"id":12906,"holderId":17588,"status":"active","name":"Payphone #12906"}},{"type":"Feature","geometry":{"type":"Point","coordinates":[151.179272,-33.932562]},"properties":{"id":12907,"holderId":6947,"status":"active","name":"Payphone #12907"}},{"type":"Feature","geometry":{"type":"Point","coordinates":[151.2263456,-33.5470163]},"properties":{"id":12910,"holderId":7532,"status":"active","name":"Payphone #12910"}},{"type":"Feature","geometry":{"type":"Point","coordinates":[151.19549,-33.82355]},"properties":{"id":12935,"holderId":8604,"status":"active","name":"Payphone #12935"}},{"type":"Feature","geometry":{"type":"Point","coordinates":[150.992606,-33.836779]},"properties":{"id":12939,"holderId":1903,"status":"active","name":"Payphone #12939"}},{"type":"Feature","geometry":{"type":"Point","coordinates":[151.209514,-33.865322]},"properties":{"id":12946,"holderId":18865,"status":"active","name":"Payphone #12946"}},{"type":"Feature","geometry":{"type":"Point","coordinates":[150.93598857902083,-33.774561]},"properties":{"id":12959,"holderId":16187,"status":"active","name":"Payphone #12959"}},{"type":"Feature","geometry":{"type":"Point","coordinates":[151.27101753246052,-33.89722]},"properties":{"id":12966,"holderId":6643,"status":"active","name":"Payphone #12966"}},{"type":"Feature","geometry":{"type":"Point","coordinates":[151.179867,-33.934823]},"properties":{"id":12971,"holderId":17368,"status":"active","name":"Payphone #12971"}},{"type":"Feature","geometry":{"type":"Point","coordinates":[150.75623158530604,-33.757946]},"properties":{"id":12975,"holderId":4696,"status":"active","name":"Payphone #12975"}},{"type":"Feature","geometry":{"type":"Point","coordinates":[151.012001,-33.832703]},"properties":{"id":12977,"holderId":17902,"status":"active","name":"Payphone #12977"}},{"type":"Feature","geometry":{"type":"Point","coordinates":[151.127589,-33.890185]},"properties":{"id":12988,"holderId":15774,"status":"active","name":"Payphone #12988"}},{"type":"Feature","geometry":{"type":"Point","coordinates":[151.289533,-33.749336]},"properties":{"id":12992,"holderId":9819,"status":"active","name":"Payphone #12992"}},{"type":"Feature","geometry":{"type":"Point","coordinates":[150.781514,-33.75671]},"properties":{"id":12993,"holderId":4696,"status":"active","name":"Payphone #12993"}},{"type":"Feature","geometry":{"type":"Point","coordinates":[151.07007654453355,-33.865486]},"properties":{"id":12998,"holderId":14106,"status":"active","name":"Payphone #12998"}},{"type":"Feature","geometry":{"type":"Point","coordinates":[151.170747,-33.896745]},"properties":{"id":13000,"holderId":887,"status":"active","name":"Payphone #13000"}},{"type":"Feature","geometry":{"type":"Point","coordinates":[151.228442,-33.876332]},"properties":{"id":13028,"holderId":16300,"status":"active","name":"Payphone #13028"}},{"type":"Feature","geometry":{"type":"Point","coordinates":[151.07421352427855,-33.918698]},"properties":{"id":13037,"holderId":52,"status":"active","name":"Payphone #13037"}},{"type":"Feature","geometry":{"type":"Point","coordinates":[150.95085,-33.873384]},"properties":{"id":13040,"holderId":17902,"status":"active","name":"Payphone #13040"}},{"type":"Feature","geometry":{"type":"Point","coordinates":[151.209036,-33.864707]},"properties":{"id":13041,"holderId":12064,"status":"active","name":"Payphone #13041"}},{"type":"Feature","geometry":{"type":"Point","coordinates":[150.998824,-33.882737]},"properties":{"id":13043,"holderId":12308,"status":"active","name":"Payphone #13043"}},{"type":"Feature","geometry":{"type":"Point","coordinates":[151.23637376960977,-33.879483338808946]},"properties":{"id":13045,"holderId":833,"status":"active","name":"Payphone #13045"}},{"type":"Feature","geometry":{"type":"Point","coordinates":[150.951537,-33.787394]},"properties":{"id":13052,"holderId":17663,"status":"active","name":"Payphone #13052"}},{"type":"Feature","geometry":{"type":"Point","coordinates":[151.15001,-33.915986]},"properties":{"id":13061,"holderId":2323,"status":"active","name":"Payphone #13061"}},{"type":"Feature","geometry":{"type":"Point","coordinates":[151.204022,-33.883083]},"properties":{"id":13070,"holderId":18055,"status":"active","name":"Payphone #13070"}},{"type":"Feature","geometry":{"type":"Point","coordinates":[151.098377,-33.920228]},"properties":{"id":13072,"holderId":887,"status":"active","name":"Payphone #13072"}},{"type":"Feature","geometry":{"type":"Point","coordinates":[151.151497,-33.896761]},"properties":{"id":13073,"holderId":18439,"status":"active","name":"Payphone #13073"}},{"type":"Feature","geometry":{"type":"Point","coordinates":[151.242892,-33.920764]},"properties":{"id":13076,"holderId":18375,"status":"active","name":"Payphone #13076"}},{"type":"Feature","geometry":{"type":"Point","coordinates":[151.16794656385264,-33.814602]},"properties":{"id":13078,"holderId":1903,"status":"active","name":"Payphone #13078"}},{"type":"Feature","geometry":{"type":"Point","coordinates":[151.01469,-34.06766]},"properties":{"id":13080,"holderId":17548,"status":"active","name":"Payphone #13080"}},{"type":"Feature","geometry":{"type":"Point","coordinates":[150.84181,-34.07223]},"properties":{"id":13092,"holderId":12308,"status":"active","name":"Payphone #13092"}},{"type":"Feature","geometry":{"type":"Point","coordinates":[150.884314,-33.908009]},"properties":{"id":13104,"holderId":4870,"status":"active","name":"Payphone #13104"}},{"type":"Feature","geometry":{"type":"Point","coordinates":[151.20230653425168,-33.892515]},"properties":{"id":13106,"holderId":7090,"status":"active","name":"Payphone #13106"}},{"type":"Feature","geometry":{"type":"Point","coordinates":[151.144243,-33.894999]},"properties":{"id":13116,"holderId":11233,"status":"active","name":"Payphone #13116"}},{"type":"Feature","geometry":{"type":"Point","coordinates":[151.066339,-33.749805]},"properties":{"id":13129,"holderId":887,"status":"active","name":"Payphone #13129"}},{"type":"Feature","geometry":{"type":"Point","coordinates":[151.214821,-33.889594]},"properties":{"id":13131,"holderId":13770,"status":"active","name":"Payphone #13131"}},{"type":"Feature","geometry":{"type":"Point","coordinates":[151.271924,-33.764086]},"properties":{"id":13134,"holderId":16107,"status":"active","name":"Payphone #13134"}},{"type":"Feature","geometry":{"type":"Point","coordinates":[151.329635,-33.516524]},"properties":{"id":13136,"holderId":10826,"status":"active","name":"Payphone #13136"}},{"type":"Feature","geometry":{"type":"Point","coordinates":[151.10336,-33.91012694933525]},"properties":{"id":13140,"holderId":18307,"status":"active","name":"Payphone #13140"}},{"type":"Feature","geometry":{"type":"Point","coordinates":[151.031802,-33.919389]},"properties":{"id":13163,"holderId":9284,"status":"active","name":"Payphone #13163"}},{"type":"Feature","geometry":{"type":"Point","coordinates":[151.215305,-33.848678]},"properties":{"id":13164,"holderId":19011,"status":"active","name":"Payphone #13164"}},{"type":"Feature","geometry":{"type":"Point","coordinates":[150.985971,-33.803897]},"properties":{"id":13179,"holderId":1257,"status":"active","name":"Payphone #13179"}},{"type":"Feature","geometry":{"type":"Point","coordinates":[150.753697,-33.611545]},"properties":{"id":13186,"holderId":4696,"status":"active","name":"Payphone #13186"}},{"type":"Feature","geometry":{"type":"Point","coordinates":[151.17257,-33.89247]},"properties":{"id":13196,"holderId":887,"status":"active","name":"Payphone #13196"}},{"type":"Feature","geometry":{"type":"Point","coordinates":[151.12400753582173,-33.88839]},"properties":{"id":13201,"holderId":13814,"status":"active","name":"Payphone #13201"}},{"type":"Feature","geometry":{"type":"Point","coordinates":[151.078796,-33.969362]},"properties":{"id":13207,"holderId":11233,"status":"active","name":"Payphone #13207"}},{"type":"Feature","geometry":{"type":"Point","coordinates":[151.29746760260184,-33.712154]},"properties":{"id":13210,"holderId":16187,"status":"active","name":"Payphone #13210"}},{"type":"Feature","geometry":{"type":"Point","coordinates":[150.930806,-33.761584]},"properties":{"id":13213,"holderId":17663,"status":"active","name":"Payphone #13213"}},{"type":"Feature","geometry":{"type":"Point","coordinates":[151.24118752504387,-33.91669]},"properties":{"id":13216,"holderId":17822,"status":"active","name":"Payphone #13216"}},{"type":"Feature","geometry":{"type":"Point","coordinates":[151.15179752559644,-33.91524]},"properties":{"id":13218,"holderId":2323,"status":"active","name":"Payphone #13218"}},{"type":"Feature","geometry":{"type":"Point","coordinates":[151.0042978,-33.8171959]},"properties":{"id":13228,"holderId":930,"status":"active","name":"Payphone #13228"}},{"type":"Feature","geometry":{"type":"Point","coordinates":[150.713115,-33.61297]},"properties":{"id":13231,"holderId":6240,"status":"active","name":"Payphone #13231"}},{"type":"Feature","geometry":{"type":"Point","coordinates":[150.67169,-33.745722]},"properties":{"id":13240,"holderId":17822,"status":"active","name":"Payphone #13240"}},{"type":"Feature","geometry":{"type":"Point","coordinates":[151.01838,-33.80827]},"properties":{"id":13244,"holderId":18898,"status":"active","name":"Payphone #13244"}},{"type":"Feature","geometry":{"type":"Point","coordinates":[151.13906,-33.950712]},"properties":{"id":13246,"holderId":879,"status":"active","name":"Payphone #13246"}},{"type":"Feature","geometry":{"type":"Point","coordinates":[151.0035841,-33.8172073]},"properties":{"id":13248,"holderId":4732,"status":"active","name":"Payphone #13248"}},{"type":"Feature","geometry":{"type":"Point","coordinates":[150.768914,-33.769863]},"properties":{"id":13249,"holderId":7694,"status":"active","name":"Payphone #13249"}},{"type":"Feature","geometry":{"type":"Point","coordinates":[151.259229,-33.875604]},"properties":{"id":13261,"holderId":18336,"status":"active","name":"Payphone #13261"}},{"type":"Feature","geometry":{"type":"Point","coordinates":[150.767338,-33.531911]},"properties":{"id":13263,"holderId":17170,"status":"active","name":"Payphone #13263"}},{"type":"Feature","geometry":{"type":"Point","coordinates":[151.136878,-33.653309]},"properties":{"id":13264,"holderId":17015,"status":"active","name":"Payphone #13264"}},{"type":"Feature","geometry":{"type":"Point","coordinates":[151.103087,-33.958393]},"properties":{"id":13266,"holderId":11233,"status":"active","name":"Payphone #13266"}},{"type":"Feature","geometry":{"type":"Point","coordinates":[151.08164,-33.908882]},"properties":{"id":13270,"holderId":18538,"status":"active","name":"Payphone #13270"}},{"type":"Feature","geometry":{"type":"Point","coordinates":[151.213844,-33.886245]},"properties":{"id":13272,"holderId":18543,"status":"active","name":"Payphone #13272"}},{"type":"Feature","geometry":{"type":"Point","coordinates":[150.82049479067092,-33.76845033880895]},"properties":{"id":13274,"holderId":17663,"status":"active","name":"Payphone #13274"}},{"type":"Feature","geometry":{"type":"Point","coordinates":[151.010477,-33.841678]},"properties":{"id":13287,"holderId":5102,"status":"active","name":"Payphone #13287"}},{"type":"Feature","geometry":{"type":"Point","coordinates":[151.08231,-33.80707]},"properties":{"id":13302,"holderId":2618,"status":"active","name":"Payphone #13302"}},{"type":"Feature","geometry":{"type":"Point","coordinates":[151.182896,-33.796305]},"properties":{"id":13304,"holderId":18974,"status":"active","name":"Payphone #13304"}},{"type":"Feature","geometry":{"type":"Point","coordinates":[151.20423,-33.865589]},"properties":{"id":13307,"holderId":15182,"status":"active","name":"Payphone #13307"}},{"type":"Feature","geometry":{"type":"Point","coordinates":[151.142273,-33.913924]},"properties":{"id":13318,"holderId":18822,"status":"active","name":"Payphone #13318"}},{"type":"Feature","geometry":{"type":"Point","coordinates":[151.09059656656717,-33.807442]},"properties":{"id":13319,"holderId":2618,"status":"active","name":"Payphone #13319"}},{"type":"Feature","geometry":{"type":"Point","coordinates":[151.223795,-33.907373]},"properties":{"id":13320,"holderId":18276,"status":"active","name":"Payphone #13320"}},{"type":"Feature","geometry":{"type":"Point","coordinates":[151.005555,-33.808121]},"properties":{"id":13323,"holderId":18898,"status":"active","name":"Payphone #13323"}},{"type":"Feature","geometry":{"type":"Point","coordinates":[150.924205,-33.930661]},"properties":{"id":13336,"holderId":4870,"status":"active","name":"Payphone #13336"}},{"type":"Feature","geometry":{"type":"Point","coordinates":[151.185189,-33.80885]},"properties":{"id":13338,"holderId":18974,"status":"active","name":"Payphone #13338"}},{"type":"Feature","geometry":{"type":"Point","coordinates":[151.10449,-33.87215]},"properties":{"id":13350,"holderId":12066,"status":"active","name":"Payphone #13350"}},{"type":"Feature","geometry":{"type":"Point","coordinates":[151.248839,-33.917175]},"properties":{"id":13357,"holderId":14971,"status":"active","name":"Payphone #13357"}},{"type":"Feature","geometry":{"type":"Point","coordinates":[151.284565,-33.799623]},"properties":{"id":13361,"holderId":4213,"status":"active","name":"Payphone #13361"}},{"type":"Feature","geometry":{"type":"Point","coordinates":[151.239925,-33.914531]},"properties":{"id":13363,"holderId":17835,"status":"active","name":"Payphone #13363"}},{"type":"Feature","geometry":{"type":"Point","coordinates":[151.105221,-33.710352]},"properties":{"id":13367,"holderId":18051,"status":"active","name":"Payphone #13367"}},{"type":"Feature","geometry":{"type":"Point","coordinates":[151.00856456088678,-33.822422]},"properties":{"id":13379,"holderId":18439,"status":"active","name":"Payphone #13379"}},{"type":"Feature","geometry":{"type":"Point","coordinates":[151.289954,-33.780239]},"properties":{"id":13391,"holderId":6396,"status":"active","name":"Payphone #13391"}},{"type":"Feature","geometry":{"type":"Point","coordinates":[150.774239,-33.766838]},"properties":{"id":13400,"holderId":7694,"status":"active","name":"Payphone #13400"}},{"type":"Feature","geometry":{"type":"Point","coordinates":[151.2082875374314,-33.88416]},"properties":{"id":13405,"holderId":4870,"status":"active","name":"Payphone #13405"}},{"type":"Feature","geometry":{"type":"Point","coordinates":[151.081835,-33.790636]},"properties":{"id":13420,"holderId":17882,"status":"active","name":"Payphone #13420"}},{"type":"Feature","geometry":{"type":"Point","coordinates":[150.92343652245876,-33.923472]},"properties":{"id":13422,"holderId":4870,"status":"active","name":"Payphone #13422"}},{"type":"Feature","geometry":{"type":"Point","coordinates":[151.079339,-33.962092]},"properties":{"id":13426,"holderId":11233,"status":"active","name":"Payphone #13426"}},{"type":"Feature","geometry":{"type":"Point","coordinates":[151.204119,-33.954154]},"properties":{"id":13434,"holderId":17170,"status":"active","name":"Payphone #13434"}},{"type":"Feature","geometry":{"type":"Point","coordinates":[151.102268,-33.967067]},"properties":{"id":13436,"holderId":18468,"status":"active","name":"Payphone #13436"}},{"type":"Feature","geometry":{"type":"Point","coordinates":[151.12344,-33.967983]},"properties":{"id":13452,"holderId":12307,"status":"active","name":"Payphone #13452"}},{"type":"Feature","geometry":{"type":"Point","coordinates":[151.126299,-33.950413]},"properties":{"id":13460,"holderId":12307,"status":"active","name":"Payphone #13460"}},{"type":"Feature","geometry":{"type":"Point","coordinates":[151.245227,-33.89211]},"properties":{"id":13468,"holderId":6643,"status":"active","name":"Payphone #13468"}},{"type":"Feature","geometry":{"type":"Point","coordinates":[151.208654,-33.877271]},"properties":{"id":13470,"holderId":16728,"status":"active","name":"Payphone #13470"}},{"type":"Feature","geometry":{"type":"Point","coordinates":[151.01878,-33.69273]},"properties":{"id":13509,"holderId":5355,"status":"active","name":"Payphone #13509"}},{"type":"Feature","geometry":{"type":"Point","coordinates":[151.273251,-33.894026]},"properties":{"id":13510,"holderId":6638,"status":"active","name":"Payphone #13510"}},{"type":"Feature","geometry":{"type":"Point","coordinates":[151.205985,-33.882564]},"properties":{"id":13528,"holderId":18055,"status":"active","name":"Payphone #13528"}},{"type":"Feature","geometry":{"type":"Point","coordinates":[151.136258,-33.952213]},"properties":{"id":13530,"holderId":6653,"status":"active","name":"Payphone #13530"}},{"type":"Feature","geometry":{"type":"Point","coordinates":[151.007372,-33.857032]},"properties":{"id":13533,"holderId":12308,"status":"active","name":"Payphone #13533"}},{"type":"Feature","geometry":{"type":"Point","coordinates":[150.869762,-33.763396]},"properties":{"id":13535,"holderId":17663,"status":"active","name":"Payphone #13535"}},{"type":"Feature","geometry":{"type":"Point","coordinates":[150.821097,-33.605332]},"properties":{"id":13551,"holderId":4696,"status":"active","name":"Payphone #13551"}},{"type":"Feature","geometry":{"type":"Point","coordinates":[151.135574,-33.945458]},"properties":{"id":13552,"holderId":12307,"status":"active","name":"Payphone #13552"}},{"type":"Feature","geometry":{"type":"Point","coordinates":[150.9270797610437,-33.92446933880895]},"properties":{"id":13555,"holderId":4870,"status":"active","name":"Payphone #13555"}},{"type":"Feature","geometry":{"type":"Point","coordinates":[151.208428,-33.740313]},"properties":{"id":13556,"holderId":18088,"status":"active","name":"Payphone #13556"}},{"type":"Feature","geometry":{"type":"Point","coordinates":[150.737368,-33.645318]},"properties":{"id":13559,"holderId":4696,"status":"active","name":"Payphone #13559"}},{"type":"Feature","geometry":{"type":"Point","coordinates":[151.205508,-33.892845]},"properties":{"id":13568,"holderId":3412,"status":"active","name":"Payphone #13568"}},{"type":"Feature","geometry":{"type":"Point","coordinates":[151.2410432,-33.5369543]},"properties":{"id":13578,"holderId":7090,"status":"active","name":"Payphone #13578"}},{"type":"Feature","geometry":{"type":"Point","coordinates":[150.60234,-33.721259]},"properties":{"id":13586,"holderId":6240,"status":"active","name":"Payphone #13586"}},{"type":"Feature","geometry":{"type":"Point","coordinates":[151.247321,-33.949231]},"properties":{"id":13596,"holderId":18276,"status":"active","name":"Payphone #13596"}},{"type":"Feature","geometry":{"type":"Point","coordinates":[151.141429,-33.910673]},"properties":{"id":13598,"holderId":18822,"status":"active","name":"Payphone #13598"}},{"type":"Feature","geometry":{"type":"Point","coordinates":[151.201338,-33.884083]},"properties":{"id":13609,"holderId":2031,"status":"active","name":"Payphone #13609"}},{"type":"Feature","geometry":{"type":"Point","coordinates":[151.20674,-33.863364]},"properties":{"id":13611,"holderId":6553,"status":"active","name":"Payphone #13611"}},{"type":"Feature","geometry":{"type":"Point","coordinates":[151.183054,-33.796167]},"properties":{"id":13615,"holderId":18974,"status":"active","name":"Payphone #13615"}},{"type":"Feature","geometry":{"type":"Point","coordinates":[151.187235,-33.706563]},"properties":{"id":13629,"holderId":17926,"status":"active","name":"Payphone #13629"}},{"type":"Feature","geometry":{"type":"Point","coordinates":[150.60344,-33.722417]},"properties":{"id":13636,"holderId":6240,"status":"active","name":"Payphone #13636"}},{"type":"Feature","geometry":{"type":"Point","coordinates":[150.831825,-33.787508]},"properties":{"id":13640,"holderId":7694,"status":"active","name":"Payphone #13640"}},{"type":"Feature","geometry":{"type":"Point","coordinates":[151.09348054190477,-33.8724]},"properties":{"id":13641,"holderId":18428,"status":"active","name":"Payphone #13641"}},{"type":"Feature","geometry":{"type":"Point","coordinates":[151.320284,-33.510588]},"properties":{"id":13643,"holderId":9097,"status":"active","name":"Payphone #13643"}},{"type":"Feature","geometry":{"type":"Point","coordinates":[151.196141,-33.884231]},"properties":{"id":13647,"holderId":6413,"status":"active","name":"Payphone #13647"}},{"type":"Feature","geometry":{"type":"Point","coordinates":[151.091355,-33.950872]},"properties":{"id":13649,"holderId":11233,"status":"active","name":"Payphone #13649"}},{"type":"Feature","geometry":{"type":"Point","coordinates":[150.923399,-33.868064]},"properties":{"id":13650,"holderId":12688,"status":"active","name":"Payphone #13650"}},{"type":"Feature","geometry":{"type":"Point","coordinates":[151.12865,-33.76125]},"properties":{"id":13655,"holderId":14870,"status":"active","name":"Payphone #13655"}},{"type":"Feature","geometry":{"type":"Point","coordinates":[151.0035814,-33.8171878]},"properties":{"id":13673,"holderId":4732,"status":"active","name":"Payphone #13673"}},{"type":"Feature","geometry":{"type":"Point","coordinates":[151.155617,-34.050308]},"properties":{"id":13683,"holderId":17528,"status":"active","name":"Payphone #13683"}},{"type":"Feature","geometry":{"type":"Point","coordinates":[151.230238,-33.95169]},"properties":{"id":13693,"holderId":18276,"status":"active","name":"Payphone #13693"}},{"type":"Feature","geometry":{"type":"Point","coordinates":[151.217371,-33.775369]},"properties":{"id":13695,"holderId":18088,"status":"active","name":"Payphone #13695"}},{"type":"Feature","geometry":{"type":"Point","coordinates":[151.204762,-33.898268]},"properties":{"id":13698,"holderId":18307,"status":"active","name":"Payphone #13698"}},{"type":"Feature","geometry":{"type":"Point","coordinates":[151.200848,-33.796078]},"properties":{"id":13701,"holderId":8604,"status":"active","name":"Payphone #13701"}},{"type":"Feature","geometry":{"type":"Point","coordinates":[151.194617,-33.823767]},"properties":{"id":13705,"holderId":8604,"status":"active","name":"Payphone #13705"}},{"type":"Feature","geometry":{"type":"Point","coordinates":[151.267254,-33.764028]},"properties":{"id":13709,"holderId":16107,"status":"active","name":"Payphone #13709"}},{"type":"Feature","geometry":{"type":"Point","coordinates":[151.05345,-33.93215]},"properties":{"id":13713,"holderId":11233,"status":"active","name":"Payphone #13713"}},{"type":"Feature","geometry":{"type":"Point","coordinates":[150.935681,-33.775738]},"properties":{"id":13721,"holderId":17663,"status":"active","name":"Payphone #13721"}},{"type":"Feature","geometry":{"type":"Point","coordinates":[151.222363,-33.832123]},"properties":{"id":13739,"holderId":17553,"status":"active","name":"Payphone #13739"}},{"type":"Feature","geometry":{"type":"Point","coordinates":[151.21718,-33.876107]},"properties":{"id":13747,"holderId":51,"status":"active","name":"Payphone #13747"}},{"type":"Feature","geometry":{"type":"Point","coordinates":[151.249754,-33.892153]},"properties":{"id":13749,"holderId":6638,"status":"active","name":"Payphone #13749"}},{"type":"Feature","geometry":{"type":"Point","coordinates":[150.993856,-33.7617]},"properties":{"id":13753,"holderId":6547,"status":"active","name":"Payphone #13753"}},{"type":"Feature","geometry":{"type":"Point","coordinates":[151.130408,-34.077803]},"properties":{"id":13754,"holderId":7484,"status":"active","name":"Payphone #13754"}},{"type":"Feature","geometry":{"type":"Point","coordinates":[151.22825,-33.94692]},"properties":{"id":13774,"holderId":51,"status":"active","name":"Payphone #13774"}},{"type":"Feature","geometry":{"type":"Point","coordinates":[151.118311,-33.828432]},"properties":{"id":13777,"holderId":2618,"status":"active","name":"Payphone #13777"}},{"type":"Feature","geometry":{"type":"Point","coordinates":[151.27344,-33.767734]},"properties":{"id":13782,"holderId":3290,"status":"active","name":"Payphone #13782"}},{"type":"Feature","geometry":{"type":"Point","coordinates":[151.288049,-33.796777]},"properties":{"id":13796,"holderId":4213,"status":"active","name":"Payphone #13796"}},{"type":"Feature","geometry":{"type":"Point","coordinates":[150.927499,-33.870164]},"properties":{"id":13798,"holderId":17663,"status":"active","name":"Payphone #13798"}},{"type":"Feature","geometry":{"type":"Point","coordinates":[151.164698,-33.82041]},"properties":{"id":13799,"holderId":8604,"status":"active","name":"Payphone #13799"}},{"type":"Feature","geometry":{"type":"Point","coordinates":[151.150554,-33.623565]},"properties":{"id":13804,"holderId":6547,"status":"active","name":"Payphone #13804"}},{"type":"Feature","geometry":{"type":"Point","coordinates":[150.696701,-33.75337]},"properties":{"id":13815,"holderId":12896,"status":"active","name":"Payphone #13815"}},{"type":"Feature","geometry":{"type":"Point","coordinates":[151.3236846876033,-33.485586]},"properties":{"id":13817,"holderId":6116,"status":"active","name":"Payphone #13817"}},{"type":"Feature","geometry":{"type":"Point","coordinates":[151.185769,-33.795387]},"properties":{"id":13834,"holderId":18974,"status":"active","name":"Payphone #13834"}},{"type":"Feature","geometry":{"type":"Point","coordinates":[151.24444,-33.94213]},"properties":{"id":13849,"holderId":18276,"status":"active","name":"Payphone #13849"}},{"type":"Feature","geometry":{"type":"Point","coordinates":[151.242414,-33.918637]},"properties":{"id":13854,"holderId":18375,"status":"active","name":"Payphone #13854"}},{"type":"Feature","geometry":{"type":"Point","coordinates":[151.2092303,-33.8583998]},"properties":{"id":13855,"holderId":17553,"status":"active","name":"Payphone #13855"}},{"type":"Feature","geometry":{"type":"Point","coordinates":[150.695837,-33.750015]},"properties":{"id":13859,"holderId":12896,"status":"active","name":"Payphone #13859"}},{"type":"Feature","geometry":{"type":"Point","coordinates":[151.21422,-33.883631]},"properties":{"id":13887,"holderId":51,"status":"active","name":"Payphone #13887"}},{"type":"Feature","geometry":{"type":"Point","coordinates":[151.032863,-33.849628]},"properties":{"id":13898,"holderId":3290,"status":"active","name":"Payphone #13898"}},{"type":"Feature","geometry":{"type":"Point","coordinates":[150.920075,-33.764749]},"properties":{"id":13901,"holderId":17663,"status":"active","name":"Payphone #13901"}},{"type":"Feature","geometry":{"type":"Point","coordinates":[151.0031883,-33.816163]},"properties":{"id":13906,"holderId":4732,"status":"active","name":"Payphone #13906"}},{"type":"Feature","geometry":{"type":"Point","coordinates":[151.008134,-34.087965]},"properties":{"id":13921,"holderId":17548,"status":"active","name":"Payphone #13921"}},{"type":"Feature","geometry":{"type":"Point","coordinates":[151.180444,-33.79712]},"properties":{"id":13934,"holderId":18974,"status":"active","name":"Payphone #13934"}},{"type":"Feature","geometry":{"type":"Point","coordinates":[151.031124,-33.921805]},"properties":{"id":13943,"holderId":14106,"status":"active","name":"Payphone #13943"}},{"type":"Feature","geometry":{"type":"Point","coordinates":[151.275197,-33.755288]},"properties":{"id":13954,"holderId":15305,"status":"active","name":"Payphone #13954"}},{"type":"Feature","geometry":{"type":"Point","coordinates":[151.181174,-33.857756]},"properties":{"id":13955,"holderId":6232,"status":"active","name":"Payphone #13955"}},{"type":"Feature","geometry":{"type":"Point","coordinates":[150.88855,-33.94353]},"properties":{"id":13956,"holderId":4870,"status":"active","name":"Payphone #13956"}},{"type":"Feature","geometry":{"type":"Point","coordinates":[151.207266,-33.841232]},"properties":{"id":13958,"holderId":17880,"status":"active","name":"Payphone #13958"}},{"type":"Feature","geometry":{"type":"Point","coordinates":[151.203504,-33.879354]},"properties":{"id":13964,"holderId":12977,"status":"active","name":"Payphone #13964"}},{"type":"Feature","geometry":{"type":"Point","coordinates":[151.265833,-33.790345]},"properties":{"id":13965,"holderId":18685,"status":"active","name":"Payphone #13965"}},{"type":"Feature","geometry":{"type":"Point","coordinates":[151.1570755272235,-33.91097]},"properties":{"id":13966,"holderId":18439,"status":"active","name":"Payphone #13966"}},{"type":"Feature","geometry":{"type":"Point","coordinates":[151.169011,-33.775758]},"properties":{"id":13971,"holderId":10152,"status":"active","name":"Payphone #13971"}},{"type":"Feature","geometry":{"type":"Point","coordinates":[151.046108,-33.65302]},"properties":{"id":13985,"holderId":6547,"status":"active","name":"Payphone #13985"}},{"type":"Feature","geometry":{"type":"Point","coordinates":[151.287105,-33.790596]},"properties":{"id":13987,"holderId":6396,"status":"active","name":"Payphone #13987"}},{"type":"Feature","geometry":{"type":"Point","coordinates":[151.056379,-34.074913]},"properties":{"id":13995,"holderId":17548,"status":"active","name":"Payphone #13995"}},{"type":"Feature","geometry":{"type":"Point","coordinates":[150.992302,-33.889402]},"properties":{"id":14005,"holderId":12308,"status":"active","name":"Payphone #14005"}},{"type":"Feature","geometry":{"type":"Point","coordinates":[150.906869,-33.76923794933525]},"properties":{"id":14013,"holderId":14722,"status":"active","name":"Payphone #14013"}},{"type":"Feature","geometry":{"type":"Point","coordinates":[151.11969,-33.91166]},"properties":{"id":14014,"holderId":17615,"status":"active","name":"Payphone #14014"}},{"type":"Feature","geometry":{"type":"Point","coordinates":[151.133634,-33.966975]},"properties":{"id":14054,"holderId":12307,"status":"active","name":"Payphone #14054"}},{"type":"Feature","geometry":{"type":"Point","coordinates":[150.967352,-33.884448]},"properties":{"id":14056,"holderId":18337,"status":"active","name":"Payphone #14056"}},{"type":"Feature","geometry":{"type":"Point","coordinates":[150.79624159025457,-33.744855]},"properties":{"id":14057,"holderId":4696,"status":"active","name":"Payphone #14057"}},{"type":"Feature","geometry":{"type":"Point","coordinates":[150.757458,-33.759132]},"properties":{"id":14058,"holderId":4696,"status":"active","name":"Payphone #14058"}},{"type":"Feature","geometry":{"type":"Point","coordinates":[151.08754752530302,-33.91601]},"properties":{"id":14061,"holderId":52,"status":"active","name":"Payphone #14061"}}]}